Batch_ID,Raw_Material,Entry_Date,Expiry_Date,Quantity_KG,Remaining_Quantity_KG,Production_Date,Finished_Good,Shelf_Life_Days
B0001,Onion,2025-10-16,2025-11-28,300,114,2025-10-16,Pickle,170
B0002,Tomato,2025-11-23,2026-04-26,482,16,2025-11-25,Pickle,332
B0003,Carrot,2024-08-11,2024-10-24,77,71,2024-08-27,Snack Mix,338
B0004,Onion,2025-03-05,2025-05-15,334,3,2025-03-19,Dehydrated Mix,331
B0005,Potato,2024-12-14,2025-03-10,831,344,2024-12-18,Pickle,140
B0006,Tomato,2025-01-24,2025-03-04,668,270,2025-02-04,Dehydrated Mix,206
B0007,Spinach,2025-07-03,2025-08-18,130,75,2025-08-01,Snack Mix,223
B0008,Potato,2024-07-15,2024-08-16,841,296,2024-07-16,Sauce,146
B0009,Onion,2024-04-13,2024-08-03,700,373,2024-04-21,Chutney,262
B0010,Potato,2024-12-29,2025-03-07,768,699,2025-01-19,Snack Mix,166
B0011,Chili,2025-10-12,2025-12-09,217,118,2025-10-29,Chutney,155
B0012,Tomato,2025-10-17,2026-03-23,913,786,2025-10-24,Sauce,196
B0013,Spinach,2024-02-02,2024-05-07,117,27,2024-02-14,Sauce,167
B0014,Cabbage,2025-11-02,2026-03-24,519,146,2025-11-14,Sauce,359
B0015,Chili,2024-09-09,2025-02-14,814,598,2024-09-26,Snack Mix,164
B0016,Potato,2025-02-12,2025-05-30,571,505,2025-02-19,Pickle,100
B0017,Chili,2024-04-22,2024-06-15,861,696,2024-05-12,Snack Mix,111
B0018,Tomato,2024-03-06,2024-06-27,529,257,2024-03-18,Pickle,335
B0019,Spinach,2025-11-29,2026-04-30,837,656,2025-12-23,Pickle,166
B0020,Cabbage,2024-10-27,2025-03-02,53,46,2024-11-01,Snack Mix,262
B0021,Cabbage,2024-07-01,2024-11-22,941,640,2024-07-30,Snack Mix,84
B0022,Tomato,2025-09-15,2025-11-19,830,165,2025-09-19,Snack Mix,221
B0023,Cabbage,2024-11-27,2025-04-16,421,413,2024-11-27,Sauce,87
B0024,Ginger,2024-02-29,2024-05-15,130,21,2024-03-28,Pickle,320
B0025,Cabbage,2025-06-29,2025-08-15,612,169,2025-07-03,Snack Mix,273
B0026,Cabbage,2025-09-13,2026-01-14,602,205,2025-10-13,Dehydrated Mix,138
B0027,Carrot,2025-11-18,2026-03-08,512,123,2025-12-02,Sauce,294
B0028,Carrot,2024-03-06,2024-06-15,617,235,2024-03-06,Pickle,331
B0029,Tomato,2024-03-13,2024-09-05,119,115,2024-03-14,Chutney,147
B0030,Carrot,2024-03-13,2024-08-06,735,497,2024-03-20,Snack Mix,172
B0031,Chili,2024-05-15,2024-10-23,298,242,2024-06-02,Sauce,272
B0032,Chili,2024-04-06,2024-05-15,412,216,2024-04-27,Dehydrated Mix,250
B0033,Spinach,2024-02-25,2024-08-23,462,372,2024-02-28,Pickle,61
B0034,Chili,2024-09-11,2024-11-14,509,71,2024-09-17,Sauce,304
B0035,Potato,2024-10-12,2025-02-22,503,413,2024-10-19,Pickle,68
B0036,Onion,2025-10-29,2026-03-31,145,60,2025-11-24,Dehydrated Mix,37
B0037,Onion,2025-05-12,2025-09-27,974,60,2025-05-18,Dehydrated Mix,235
B0038,Ginger,2024-01-03,2024-04-26,342,216,2024-01-11,Sauce,262
B0039,Tomato,2024-07-13,2024-10-11,643,555,2024-07-19,Chutney,59
B0040,Onion,2024-02-28,2024-03-26,564,543,2024-03-17,Pickle,274
B0041,Potato,2025-06-04,2025-07-09,120,76,2025-07-01,Sauce,125
B0042,Tomato,2025-02-17,2025-04-03,302,296,2025-03-19,Snack Mix,321
B0043,Spinach,2024-03-24,2024-07-24,628,535,2024-04-14,Chutney,328
B0044,Cabbage,2024-07-28,2024-10-31,455,67,2024-08-04,Dehydrated Mix,165
B0045,Potato,2024-11-19,2024-12-22,686,576,2024-11-19,Pickle,264
B0046,Potato,2025-07-04,2025-09-11,185,89,2025-07-20,Sauce,165
B0047,Cabbage,2025-01-13,2025-04-10,903,556,2025-01-18,Snack Mix,254
B0048,Potato,2025-10-31,2026-03-30,356,339,2025-10-31,Sauce,313
B0049,Onion,2024-09-27,2024-11-10,810,566,2024-10-25,Chutney,84
B0050,Ginger,2024-10-15,2025-04-02,258,135,2024-10-21,Chutney,205
B0051,Tomato,2024-02-22,2024-03-31,899,283,2024-03-13,Pickle,246
B0052,Ginger,2024-12-07,2025-01-24,215,189,2024-12-27,Snack Mix,164
B0053,Onion,2025-12-23,2026-04-26,164,19,2026-01-09,Snack Mix,34
B0054,Onion,2024-02-06,2024-05-25,201,110,2024-02-24,Pickle,312
B0055,Carrot,2024-11-11,2025-02-27,970,366,2024-12-09,Sauce,50
B0056,Chili,2025-11-13,2025-12-24,955,895,2025-11-24,Snack Mix,316
B0057,Onion,2024-06-07,2024-08-21,869,830,2024-07-04,Dehydrated Mix,113
B0058,Carrot,2024-01-26,2024-03-26,851,421,2024-02-18,Chutney,200
B0059,Carrot,2024-06-12,2024-07-24,929,481,2024-06-24,Sauce,49
B0060,Carrot,2025-04-16,2025-07-29,278,12,2025-04-25,Dehydrated Mix,146
B0061,Spinach,2024-12-02,2025-02-26,841,285,2024-12-29,Snack Mix,65
B0062,Onion,2025-02-13,2025-07-15,168,66,2025-02-23,Snack Mix,44
B0063,Spinach,2024-09-28,2024-10-22,494,176,2024-10-01,Dehydrated Mix,335
B0064,Carrot,2025-09-12,2026-02-04,971,590,2025-09-15,Chutney,227
B0065,Carrot,2024-02-15,2024-06-20,997,825,2024-02-15,Chutney,296
B0066,Potato,2025-03-17,2025-04-18,688,321,2025-04-16,Chutney,199
B0067,Cabbage,2025-06-03,2025-09-05,384,206,2025-06-24,Snack Mix,239
B0068,Cabbage,2024-05-10,2024-07-13,743,178,2024-05-23,Dehydrated Mix,224
B0069,Spinach,2025-07-15,2025-07-30,265,220,2025-07-19,Dehydrated Mix,176
B0070,Onion,2025-03-28,2025-08-03,573,484,2025-04-18,Pickle,139
B0071,Potato,2024-10-17,2025-03-12,684,343,2024-11-07,Sauce,354
B0072,Tomato,2025-11-19,2026-02-21,200,6,2025-11-26,Sauce,131
B0073,Carrot,2025-05-01,2025-10-19,516,424,2025-05-28,Dehydrated Mix,67
B0074,Tomato,2025-05-21,2025-09-15,721,704,2025-05-28,Pickle,105
B0075,Carrot,2025-03-11,2025-05-21,525,51,2025-03-16,Pickle,295
B0076,Spinach,2025-04-12,2025-05-31,733,543,2025-05-07,Dehydrated Mix,267
B0077,Onion,2025-09-19,2026-02-10,506,459,2025-10-02,Dehydrated Mix,310
B0078,Cabbage,2025-04-05,2025-06-25,910,652,2025-04-29,Snack Mix,156
B0079,Cabbage,2025-05-11,2025-11-02,500,39,2025-05-18,Sauce,170
B0080,Onion,2024-10-05,2025-01-13,132,35,2024-10-15,Sauce,306
B0081,Chili,2025-01-27,2025-03-22,115,53,2025-02-18,Chutney,139
B0082,Chili,2025-07-09,2025-11-20,261,215,2025-07-22,Snack Mix,61
B0083,Spinach,2025-12-13,2026-01-02,538,6,2025-12-31,Chutney,224
B0084,Carrot,2025-02-03,2025-06-05,869,617,2025-02-20,Dehydrated Mix,309
B0085,Spinach,2024-08-12,2024-11-04,79,49,2024-08-25,Dehydrated Mix,278
B0086,Tomato,2024-06-18,2024-10-30,687,546,2024-07-17,Dehydrated Mix,95
B0087,Onion,2025-08-29,2026-02-04,135,109,2025-09-19,Dehydrated Mix,43
B0088,Ginger,2024-07-05,2024-08-01,385,108,2024-07-13,Chutney,224
B0089,Ginger,2024-12-11,2025-04-02,308,41,2024-12-19,Pickle,245
B0090,Tomato,2025-07-06,2025-08-03,715,70,2025-07-17,Pickle,144
B0091,Carrot,2024-09-10,2024-11-15,686,156,2024-10-06,Sauce,40
B0092,Spinach,2025-04-29,2025-06-12,526,262,2025-05-17,Sauce,141
B0093,Onion,2025-09-12,2026-03-01,846,838,2025-10-12,Chutney,88
B0094,Chili,2024-04-20,2024-09-30,639,384,2024-04-20,Sauce,189
B0095,Cabbage,2024-03-18,2024-08-31,298,52,2024-04-09,Snack Mix,351
B0096,Chili,2024-05-03,2024-10-09,405,272,2024-05-28,Chutney,51
B0097,Chili,2024-03-11,2024-08-02,62,54,2024-03-31,Dehydrated Mix,204
B0098,Onion,2024-04-18,2024-08-21,700,470,2024-05-18,Dehydrated Mix,215
B0099,Ginger,2024-06-29,2024-11-24,326,315,2024-07-29,Dehydrated Mix,363
B0100,Potato,2025-03-22,2025-09-04,922,251,2025-03-30,Chutney,195
B0101,Chili,2025-04-06,2025-06-22,633,624,2025-04-30,Chutney,267
B0102,Carrot,2024-01-30,2024-06-19,236,124,2024-02-26,Chutney,196
B0103,Tomato,2024-09-21,2025-01-01,768,282,2024-09-29,Snack Mix,335
B0104,Ginger,2024-07-14,2024-08-19,550,246,2024-07-21,Dehydrated Mix,238
B0105,Carrot,2025-04-03,2025-04-22,276,207,2025-04-05,Chutney,180
B0106,Spinach,2025-11-10,2026-04-22,616,543,2025-11-21,Dehydrated Mix,272
B0107,Cabbage,2025-07-17,2025-10-24,327,156,2025-07-28,Sauce,262
B0108,Onion,2024-05-03,2024-07-06,810,548,2024-05-13,Sauce,91
B0109,Cabbage,2024-08-09,2024-12-25,828,537,2024-08-17,Pickle,331
B0110,Tomato,2024-07-17,2024-10-15,233,77,2024-07-24,Snack Mix,214
B0111,Onion,2024-05-09,2024-08-02,616,299,2024-05-10,Dehydrated Mix,57
B0112,Spinach,2024-04-15,2024-05-03,540,451,2024-04-24,Sauce,270
B0113,Chili,2024-02-22,2024-05-11,166,16,2024-03-23,Dehydrated Mix,274
B0114,Cabbage,2024-03-16,2024-08-25,205,38,2024-04-05,Pickle,57
B0115,Carrot,2024-09-11,2024-10-26,670,610,2024-09-28,Snack Mix,243
B0116,Chili,2025-01-24,2025-06-03,354,301,2025-02-22,Chutney,256
B0117,Carrot,2025-08-05,2026-01-25,807,101,2025-08-06,Sauce,342
B0118,Potato,2024-09-27,2024-11-01,227,141,2024-10-02,Sauce,152
B0119,Tomato,2024-01-03,2024-05-01,531,298,2024-01-17,Sauce,334
B0120,Carrot,2024-10-22,2025-01-17,122,87,2024-11-13,Chutney,262
B0121,Carrot,2025-10-02,2026-03-16,485,58,2025-10-23,Sauce,131
B0122,Cabbage,2024-09-29,2024-11-19,219,202,2024-10-01,Snack Mix,60
B0123,Chili,2025-08-05,2025-11-01,529,311,2025-08-19,Chutney,93
B0124,Chili,2025-05-27,2025-10-27,132,10,2025-06-11,Chutney,254
B0125,Cabbage,2025-09-10,2025-11-28,284,10,2025-09-10,Snack Mix,76
B0126,Cabbage,2024-02-11,2024-04-10,717,452,2024-02-26,Sauce,295
B0127,Spinach,2025-08-22,2025-12-26,143,120,2025-09-11,Dehydrated Mix,281
B0128,Spinach,2024-12-07,2025-03-14,928,164,2024-12-28,Dehydrated Mix,83
B0129,Tomato,2025-12-11,2026-05-01,883,778,2025-12-20,Dehydrated Mix,235
B0130,Tomato,2024-03-31,2024-07-04,168,103,2024-04-08,Snack Mix,195
B0131,Ginger,2025-04-18,2025-08-16,580,370,2025-04-19,Dehydrated Mix,126
B0132,Ginger,2024-02-22,2024-04-29,184,73,2024-03-01,Dehydrated Mix,311
B0133,Onion,2024-05-04,2024-05-26,868,245,2024-05-24,Chutney,341
B0134,Potato,2025-07-18,2025-08-05,145,57,2025-08-04,Dehydrated Mix,238
B0135,Cabbage,2024-04-30,2024-10-27,560,298,2024-05-26,Dehydrated Mix,108
B0136,Chili,2025-05-09,2025-09-21,614,148,2025-05-16,Sauce,263
B0137,Cabbage,2025-09-05,2026-01-28,934,71,2025-09-28,Dehydrated Mix,99
B0138,Ginger,2024-12-14,2025-05-07,339,152,2024-12-22,Sauce,31
B0139,Chili,2025-04-02,2025-09-01,390,282,2025-04-17,Dehydrated Mix,206
B0140,Carrot,2024-11-25,2025-01-27,635,392,2024-12-17,Dehydrated Mix,152
B0141,Chili,2024-02-14,2024-05-20,772,390,2024-03-08,Sauce,272
B0142,Potato,2025-05-22,2025-06-15,654,339,2025-05-26,Dehydrated Mix,287
B0143,Chili,2024-04-12,2024-09-08,65,18,2024-05-11,Sauce,263
B0144,Chili,2024-03-17,2024-07-30,396,319,2024-04-11,Pickle,165
B0145,Tomato,2024-12-02,2025-05-02,691,499,2024-12-14,Snack Mix,192
B0146,Chili,2024-03-11,2024-05-25,282,46,2024-03-31,Pickle,177
B0147,Tomato,2025-10-10,2025-11-19,760,306,2025-10-24,Pickle,115
B0148,Onion,2024-11-28,2024-12-27,433,220,2024-12-07,Sauce,213
B0149,Potato,2025-06-27,2025-10-25,224,44,2025-07-15,Snack Mix,122
B0150,Carrot,2025-01-26,2025-07-18,559,146,2025-02-16,Dehydrated Mix,153
B0151,Ginger,2025-10-15,2026-01-03,732,9,2025-10-29,Chutney,160
B0152,Spinach,2025-11-24,2026-04-27,502,483,2025-11-29,Snack Mix,67
B0153,Ginger,2024-11-02,2025-04-29,756,256,2024-12-02,Chutney,247
B0154,Chili,2024-07-22,2024-11-12,159,60,2024-08-18,Snack Mix,277
B0155,Cabbage,2025-01-02,2025-06-13,72,50,2025-01-11,Pickle,181
B0156,Carrot,2025-08-02,2025-08-29,902,293,2025-08-21,Snack Mix,284
B0157,Onion,2024-12-26,2025-03-07,685,256,2025-01-15,Pickle,127
B0158,Tomato,2025-10-04,2026-04-02,857,451,2025-10-05,Snack Mix,188
B0159,Chili,2025-01-08,2025-02-25,384,382,2025-01-10,Sauce,181
B0160,Cabbage,2024-07-24,2024-09-10,947,374,2024-08-18,Sauce,306
B0161,Potato,2024-09-20,2025-02-05,814,346,2024-10-20,Dehydrated Mix,181
B0162,Chili,2024-03-18,2024-05-08,930,692,2024-04-11,Snack Mix,145
B0163,Potato,2025-01-09,2025-02-16,64,33,2025-02-03,Dehydrated Mix,232
B0164,Spinach,2025-01-12,2025-04-04,892,653,2025-01-30,Pickle,225
B0165,Spinach,2025-11-22,2026-02-04,684,574,2025-12-07,Snack Mix,42
B0166,Cabbage,2024-08-14,2025-02-10,893,475,2024-08-16,Dehydrated Mix,355
B0167,Potato,2024-04-29,2024-06-18,361,252,2024-04-30,Pickle,49
B0168,Chili,2024-08-28,2025-01-27,514,379,2024-09-01,Snack Mix,228
B0169,Chili,2024-06-07,2024-10-06,903,501,2024-06-27,Chutney,80
B0170,Carrot,2024-02-03,2024-05-22,505,486,2024-02-09,Chutney,257
B0171,Chili,2024-04-11,2024-07-29,417,31,2024-04-28,Chutney,360
B0172,Tomato,2024-07-13,2024-08-28,143,54,2024-08-12,Pickle,262
B0173,Carrot,2024-12-07,2025-02-22,260,35,2024-12-11,Snack Mix,319
B0174,Tomato,2024-08-09,2024-10-22,857,610,2024-08-19,Chutney,105
B0175,Potato,2024-05-28,2024-07-15,867,178,2024-06-14,Pickle,158
B0176,Tomato,2024-05-14,2024-06-01,652,331,2024-05-25,Sauce,151
B0177,Potato,2024-09-28,2024-10-26,588,116,2024-10-02,Dehydrated Mix,245
B0178,Carrot,2025-04-04,2025-07-20,161,115,2025-04-20,Snack Mix,333
B0179,Tomato,2024-02-14,2024-07-11,708,31,2024-02-23,Dehydrated Mix,264
B0180,Potato,2025-02-15,2025-06-19,552,454,2025-03-08,Pickle,85
B0181,Spinach,2024-11-25,2025-05-14,179,70,2024-11-29,Dehydrated Mix,63
B0182,Potato,2025-09-03,2026-01-31,567,440,2025-09-12,Pickle,262
B0183,Carrot,2025-11-01,2026-04-06,490,231,2025-11-24,Dehydrated Mix,140
B0184,Spinach,2024-12-13,2025-04-23,797,97,2024-12-25,Dehydrated Mix,242
B0185,Potato,2024-11-16,2025-02-04,753,485,2024-11-27,Pickle,108
B0186,Spinach,2024-03-28,2024-05-05,812,756,2024-04-10,Sauce,79
B0187,Potato,2025-07-23,2025-08-22,625,337,2025-08-10,Dehydrated Mix,317
B0188,Cabbage,2024-12-28,2025-04-30,344,307,2025-01-24,Chutney,56
B0189,Ginger,2024-04-16,2024-09-25,208,168,2024-05-02,Sauce,138
B0190,Cabbage,2024-04-20,2024-08-02,426,58,2024-05-17,Snack Mix,314
B0191,Tomato,2024-08-19,2024-12-21,835,636,2024-09-15,Snack Mix,317
B0192,Spinach,2025-11-04,2026-01-26,329,158,2025-11-04,Chutney,122
B0193,Potato,2024-01-07,2024-03-08,629,410,2024-02-03,Sauce,103
B0194,Chili,2025-10-10,2025-11-01,270,192,2025-10-12,Dehydrated Mix,301
B0195,Potato,2024-12-15,2025-02-08,788,332,2024-12-26,Pickle,189
B0196,Potato,2024-06-08,2024-08-02,100,86,2024-07-02,Chutney,346
B0197,Cabbage,2025-03-29,2025-07-30,502,212,2025-04-13,Sauce,340
B0198,Ginger,2025-06-08,2025-07-22,163,72,2025-06-19,Snack Mix,250
B0199,Tomato,2025-11-14,2026-02-15,454,306,2025-11-15,Pickle,142
B0200,Cabbage,2024-07-28,2024-10-28,835,140,2024-08-27,Chutney,138
B0201,Onion,2024-12-01,2025-01-15,814,440,2024-12-01,Sauce,284
B0202,Potato,2025-01-24,2025-06-24,562,362,2025-02-15,Dehydrated Mix,147
B0203,Spinach,2024-02-13,2024-06-18,993,79,2024-02-13,Snack Mix,265
B0204,Potato,2025-03-15,2025-08-23,477,148,2025-03-27,Dehydrated Mix,357
B0205,Potato,2024-01-22,2024-04-29,521,370,2024-01-27,Dehydrated Mix,346
B0206,Potato,2024-04-18,2024-07-04,460,268,2024-05-01,Dehydrated Mix,331
B0207,Potato,2024-11-13,2025-02-22,847,172,2024-11-20,Snack Mix,200
B0208,Spinach,2025-10-10,2025-11-23,248,231,2025-10-26,Chutney,291
B0209,Carrot,2025-10-22,2025-12-13,199,65,2025-10-29,Sauce,82
B0210,Ginger,2025-09-08,2025-11-01,127,45,2025-10-02,Dehydrated Mix,365
B0211,Spinach,2025-07-31,2026-01-10,708,650,2025-08-14,Chutney,319
B0212,Cabbage,2024-06-03,2024-10-08,502,323,2024-06-05,Chutney,270
B0213,Ginger,2025-08-28,2025-09-26,125,39,2025-09-08,Dehydrated Mix,289
B0214,Chili,2024-02-08,2024-03-08,128,23,2024-02-19,Dehydrated Mix,176
B0215,Carrot,2025-08-17,2026-01-20,510,465,2025-09-16,Chutney,51
B0216,Potato,2025-09-11,2026-01-25,113,57,2025-09-27,Chutney,107
B0217,Ginger,2024-03-27,2024-08-18,90,31,2024-04-16,Dehydrated Mix,118
B0218,Cabbage,2025-06-20,2025-11-15,422,190,2025-07-09,Dehydrated Mix,111
B0219,Spinach,2025-02-22,2025-06-03,103,101,2025-03-15,Pickle,336
B0220,Onion,2024-12-03,2025-01-11,340,129,2024-12-20,Chutney,227
B0221,Cabbage,2024-03-24,2024-09-04,988,358,2024-04-14,Dehydrated Mix,102
B0222,Chili,2024-05-12,2024-10-26,367,286,2024-06-03,Chutney,73
B0223,Spinach,2024-05-10,2024-10-06,736,433,2024-05-12,Pickle,360
B0224,Ginger,2025-01-06,2025-04-10,399,392,2025-01-11,Sauce,139
B0225,Tomato,2024-08-19,2024-10-08,352,51,2024-08-23,Chutney,69
B0226,Onion,2025-09-24,2025-11-11,207,41,2025-10-13,Snack Mix,222
B0227,Carrot,2024-06-18,2024-10-23,423,346,2024-06-19,Dehydrated Mix,240
B0228,Carrot,2025-09-17,2025-12-13,289,273,2025-10-11,Chutney,259
B0229,Cabbage,2025-04-25,2025-06-28,501,236,2025-05-06,Dehydrated Mix,322
B0230,Onion,2025-05-29,2025-10-26,886,204,2025-06-11,Chutney,112
B0231,Potato,2024-02-23,2024-08-20,617,105,2024-03-09,Chutney,220
B0232,Onion,2024-03-26,2024-05-21,977,525,2024-04-03,Dehydrated Mix,260
B0233,Tomato,2024-04-03,2024-06-13,955,357,2024-04-29,Dehydrated Mix,260
B0234,Potato,2024-02-24,2024-06-19,291,197,2024-03-11,Chutney,221
B0235,Spinach,2024-08-17,2024-09-08,909,731,2024-08-27,Sauce,80
B0236,Ginger,2024-05-20,2024-06-13,762,142,2024-05-29,Dehydrated Mix,271
B0237,Onion,2025-09-22,2025-10-08,312,110,2025-09-24,Snack Mix,39
B0238,Carrot,2025-09-15,2026-02-12,844,295,2025-09-28,Chutney,86
B0239,Ginger,2024-05-04,2024-05-31,704,637,2024-05-11,Pickle,244
B0240,Carrot,2024-04-23,2024-09-12,66,65,2024-05-12,Sauce,304
B0241,Chili,2024-10-25,2025-02-26,411,123,2024-10-25,Sauce,344
B0242,Tomato,2025-11-11,2025-12-17,119,67,2025-11-27,Dehydrated Mix,214
B0243,Tomato,2025-04-26,2025-05-22,432,129,2025-05-16,Chutney,228
B0244,Spinach,2024-03-10,2024-06-21,156,148,2024-03-17,Sauce,351
B0245,Onion,2024-02-15,2024-05-30,883,658,2024-03-03,Dehydrated Mix,203
B0246,Potato,2025-12-13,2026-04-29,880,138,2026-01-02,Dehydrated Mix,123
B0247,Tomato,2024-02-07,2024-05-07,860,204,2024-02-13,Chutney,52
B0248,Tomato,2024-11-13,2025-04-08,534,259,2024-11-25,Sauce,308
B0249,Spinach,2024-10-19,2025-02-02,936,671,2024-11-15,Chutney,54
B0250,Chili,2024-05-07,2024-08-24,811,450,2024-05-20,Chutney,234
B0251,Cabbage,2024-07-10,2024-11-29,426,408,2024-08-01,Pickle,284
B0252,Cabbage,2025-03-10,2025-04-14,892,184,2025-03-23,Chutney,338
B0253,Chili,2024-04-15,2024-05-20,363,228,2024-04-25,Sauce,181
B0254,Spinach,2025-12-07,2026-04-14,93,93,2025-12-18,Snack Mix,258
B0255,Chili,2025-03-21,2025-06-14,126,85,2025-04-10,Chutney,59
B0256,Ginger,2025-06-09,2025-08-03,196,155,2025-07-09,Pickle,45
B0257,Chili,2024-05-09,2024-06-10,425,185,2024-05-16,Snack Mix,360
B0258,Ginger,2024-02-03,2024-07-21,429,190,2024-02-07,Pickle,260
B0259,Cabbage,2025-08-10,2025-09-29,457,160,2025-08-26,Sauce,217
B0260,Potato,2024-04-26,2024-05-17,580,396,2024-05-01,Chutney,285
B0261,Carrot,2024-09-23,2025-01-30,342,251,2024-09-29,Pickle,343
B0262,Ginger,2024-05-18,2024-06-20,970,730,2024-06-01,Pickle,118
B0263,Cabbage,2025-11-29,2026-03-05,776,66,2025-12-20,Chutney,207
B0264,Potato,2024-06-10,2024-12-05,570,229,2024-06-15,Sauce,215
B0265,Spinach,2024-05-22,2024-08-05,76,46,2024-06-16,Dehydrated Mix,282
B0266,Chili,2025-07-18,2025-09-04,117,39,2025-08-06,Dehydrated Mix,74
B0267,Potato,2025-06-22,2025-10-20,893,588,2025-07-16,Sauce,239
B0268,Onion,2024-11-20,2025-05-18,527,352,2024-11-22,Snack Mix,260
B0269,Tomato,2025-10-17,2026-03-31,493,257,2025-10-22,Pickle,96
B0270,Carrot,2025-06-14,2025-08-07,215,82,2025-06-23,Chutney,114
B0271,Cabbage,2025-06-15,2025-09-10,306,100,2025-07-12,Sauce,70
B0272,Onion,2025-10-02,2026-01-02,145,128,2025-10-21,Snack Mix,303
B0273,Spinach,2025-08-17,2025-10-10,787,619,2025-08-22,Snack Mix,349
B0274,Cabbage,2024-02-12,2024-03-05,706,590,2024-02-14,Sauce,53
B0275,Cabbage,2025-08-08,2025-12-07,81,63,2025-08-27,Chutney,357
B0276,Potato,2025-05-09,2025-07-25,354,232,2025-06-03,Pickle,237
B0277,Spinach,2024-06-10,2024-10-15,525,208,2024-06-23,Snack Mix,277
B0278,Chili,2024-05-27,2024-08-30,801,353,2024-06-23,Sauce,193
B0279,Ginger,2025-01-14,2025-06-09,376,123,2025-01-31,Pickle,84
B0280,Cabbage,2024-09-30,2025-02-07,149,12,2024-10-07,Dehydrated Mix,102
B0281,Spinach,2025-09-22,2026-01-22,883,335,2025-09-29,Sauce,111
B0282,Ginger,2024-06-12,2024-11-01,560,315,2024-06-28,Pickle,269
B0283,Spinach,2024-04-02,2024-07-26,296,110,2024-04-18,Pickle,264
B0284,Ginger,2024-02-21,2024-05-18,953,863,2024-03-07,Chutney,335
B0285,Spinach,2025-07-03,2025-07-20,187,67,2025-07-06,Dehydrated Mix,250
B0286,Carrot,2025-01-09,2025-02-04,633,575,2025-01-21,Chutney,56
B0287,Cabbage,2025-07-20,2025-10-16,566,461,2025-07-22,Snack Mix,227
B0288,Spinach,2025-11-27,2026-05-17,149,100,2025-11-30,Chutney,95
B0289,Chili,2025-07-25,2025-11-10,253,154,2025-08-18,Snack Mix,103
B0290,Ginger,2024-02-11,2024-03-08,780,341,2024-02-12,Snack Mix,100
B0291,Spinach,2025-04-12,2025-06-04,193,83,2025-05-01,Sauce,293
B0292,Ginger,2025-02-06,2025-07-28,657,344,2025-03-01,Snack Mix,183
B0293,Potato,2024-11-02,2025-03-18,427,169,2024-11-28,Dehydrated Mix,38
B0294,Ginger,2025-08-20,2025-11-21,77,76,2025-09-14,Chutney,352
B0295,Ginger,2025-11-02,2026-04-14,788,52,2025-11-20,Sauce,146
B0296,Onion,2025-06-20,2025-12-13,843,389,2025-07-13,Sauce,347
B0297,Ginger,2024-02-02,2024-07-12,245,4,2024-03-03,Chutney,86
B0298,Ginger,2025-03-04,2025-04-26,470,256,2025-03-17,Pickle,134
B0299,Ginger,2025-12-23,2026-02-11,624,332,2026-01-08,Snack Mix,136
B0300,Spinach,2025-01-20,2025-04-25,520,350,2025-02-19,Chutney,118
B0301,Cabbage,2025-09-16,2026-02-01,335,285,2025-09-22,Sauce,156
B0302,Ginger,2024-10-31,2025-01-27,756,721,2024-11-22,Chutney,136
B0303,Chili,2025-05-06,2025-08-18,344,62,2025-05-23,Dehydrated Mix,170
B0304,Spinach,2024-12-19,2025-02-09,344,40,2024-12-28,Dehydrated Mix,51
B0305,Cabbage,2025-11-02,2026-01-21,269,103,2025-11-25,Snack Mix,275
B0306,Carrot,2025-12-13,2026-03-07,680,600,2025-12-17,Sauce,85
B0307,Potato,2024-02-21,2024-07-20,288,26,2024-02-28,Dehydrated Mix,356
B0308,Onion,2024-12-04,2025-04-18,55,35,2024-12-07,Dehydrated Mix,100
B0309,Cabbage,2025-10-30,2026-03-15,254,193,2025-11-14,Chutney,363
B0310,Carrot,2024-10-19,2025-04-17,717,587,2024-10-20,Snack Mix,75
B0311,Chili,2024-02-08,2024-04-07,991,37,2024-02-21,Dehydrated Mix,120
B0312,Potato,2024-07-09,2024-10-06,59,19,2024-08-06,Chutney,49
B0313,Onion,2024-10-18,2025-02-26,586,505,2024-11-07,Snack Mix,308
B0314,Ginger,2025-04-24,2025-07-17,388,83,2025-04-30,Chutney,87
B0315,Onion,2024-07-09,2024-07-27,631,197,2024-07-19,Snack Mix,181
B0316,Potato,2025-10-16,2026-02-11,577,335,2025-11-11,Dehydrated Mix,248
B0317,Carrot,2025-11-16,2025-12-25,538,331,2025-11-21,Pickle,101
B0318,Spinach,2024-09-24,2025-01-15,821,273,2024-10-01,Chutney,258
B0319,Carrot,2025-08-19,2026-01-27,719,368,2025-08-19,Pickle,163
B0320,Cabbage,2025-11-14,2025-12-29,213,103,2025-11-28,Pickle,187
B0321,Onion,2025-10-16,2026-01-14,276,112,2025-10-27,Dehydrated Mix,344
B0322,Ginger,2024-06-05,2024-10-14,432,212,2024-06-28,Snack Mix,340
B0323,Potato,2025-11-11,2026-01-20,746,610,2025-12-05,Snack Mix,156
B0324,Tomato,2025-04-02,2025-08-30,129,28,2025-04-24,Snack Mix,215
B0325,Spinach,2025-06-01,2025-08-06,203,42,2025-06-19,Snack Mix,304
B0326,Ginger,2025-03-28,2025-05-11,784,597,2025-04-18,Pickle,135
B0327,Chili,2025-06-06,2025-10-13,514,135,2025-07-01,Dehydrated Mix,58
B0328,Tomato,2025-07-31,2025-08-29,738,315,2025-08-17,Dehydrated Mix,266
B0329,Tomato,2024-09-17,2024-10-02,642,74,2024-09-28,Dehydrated Mix,141
B0330,Ginger,2024-12-18,2025-01-18,965,70,2025-01-04,Pickle,60
B0331,Chili,2024-10-20,2025-02-16,834,656,2024-10-25,Chutney,99
B0332,Onion,2025-01-26,2025-06-04,434,41,2025-02-22,Chutney,223
B0333,Carrot,2024-05-01,2024-06-30,591,130,2024-05-18,Pickle,231
B0334,Chili,2024-01-24,2024-04-24,484,272,2024-02-07,Sauce,308
B0335,Potato,2024-09-10,2025-01-20,332,96,2024-09-21,Pickle,109
B0336,Potato,2025-11-07,2026-03-09,296,105,2025-11-26,Pickle,38
B0337,Tomato,2025-08-31,2025-09-23,738,720,2025-09-14,Sauce,336
B0338,Tomato,2024-02-15,2024-06-11,602,222,2024-02-29,Sauce,149
B0339,Spinach,2025-05-30,2025-08-27,376,295,2025-06-06,Sauce,324
B0340,Cabbage,2024-11-05,2024-12-26,276,211,2024-11-26,Chutney,296
B0341,Onion,2024-03-03,2024-08-07,950,752,2024-04-02,Dehydrated Mix,332
B0342,Chili,2025-07-23,2025-12-11,708,687,2025-07-24,Snack Mix,206
B0343,Onion,2024-11-22,2025-03-23,357,192,2024-12-05,Snack Mix,106
B0344,Ginger,2025-04-29,2025-07-14,357,73,2025-05-26,Pickle,145
B0345,Onion,2025-07-29,2025-11-26,620,542,2025-08-28,Dehydrated Mix,243
B0346,Ginger,2024-09-05,2024-11-24,712,80,2024-09-11,Chutney,199
B0347,Chili,2024-04-04,2024-09-03,102,34,2024-04-27,Snack Mix,127
B0348,Carrot,2025-09-09,2025-10-04,873,779,2025-09-11,Dehydrated Mix,126
B0349,Potato,2024-08-01,2024-11-09,266,97,2024-08-10,Dehydrated Mix,37
B0350,Spinach,2024-09-05,2025-02-21,456,122,2024-09-27,Chutney,134
B0351,Cabbage,2025-01-24,2025-06-07,417,157,2025-02-10,Chutney,362
B0352,Ginger,2025-06-09,2025-10-29,872,739,2025-06-23,Chutney,80
B0353,Carrot,2024-07-27,2024-11-13,96,72,2024-08-06,Sauce,241
B0354,Cabbage,2024-01-17,2024-04-07,643,427,2024-02-03,Sauce,329
B0355,Ginger,2024-07-19,2024-10-26,633,251,2024-07-26,Snack Mix,224
B0356,Ginger,2025-11-01,2026-02-10,790,657,2025-11-09,Dehydrated Mix,280
B0357,Ginger,2024-06-21,2024-10-04,787,559,2024-06-26,Sauce,101
B0358,Potato,2025-07-09,2026-01-04,586,34,2025-08-08,Pickle,60
B0359,Onion,2024-01-07,2024-05-06,286,34,2024-01-11,Pickle,352
B0360,Ginger,2024-08-11,2025-01-02,111,79,2024-08-25,Dehydrated Mix,221
B0361,Cabbage,2024-01-17,2024-02-02,67,67,2024-01-30,Snack Mix,36
B0362,Potato,2024-10-20,2024-11-08,875,183,2024-11-05,Pickle,250
B0363,Cabbage,2025-06-20,2025-08-12,684,539,2025-06-27,Chutney,128
B0364,Carrot,2024-09-30,2025-01-24,465,235,2024-10-02,Sauce,221
B0365,Potato,2024-11-03,2024-12-08,827,32,2024-11-23,Dehydrated Mix,362
B0366,Tomato,2025-01-23,2025-05-14,107,81,2025-02-09,Sauce,273
B0367,Potato,2024-03-25,2024-08-14,710,339,2024-04-21,Snack Mix,252
B0368,Tomato,2024-02-13,2024-04-26,536,277,2024-02-19,Pickle,320
B0369,Onion,2025-12-01,2026-02-25,627,33,2025-12-29,Chutney,308
B0370,Chili,2024-01-17,2024-03-25,820,729,2024-02-04,Pickle,103
B0371,Spinach,2024-11-02,2024-12-28,630,398,2024-11-20,Dehydrated Mix,153
B0372,Chili,2024-05-23,2024-06-27,104,12,2024-06-08,Sauce,207
B0373,Spinach,2024-03-18,2024-06-28,659,406,2024-04-06,Pickle,344
B0374,Spinach,2025-10-11,2026-01-03,552,233,2025-11-05,Snack Mix,260
B0375,Potato,2025-01-19,2025-05-24,726,389,2025-01-24,Snack Mix,329
B0376,Onion,2024-10-29,2025-01-15,134,68,2024-11-20,Dehydrated Mix,67
B0377,Potato,2025-12-29,2026-06-24,374,184,2026-01-02,Pickle,229
B0378,Potato,2024-01-06,2024-04-08,829,276,2024-01-20,Sauce,214
B0379,Chili,2024-03-30,2024-05-31,620,568,2024-04-12,Pickle,259
B0380,Chili,2024-01-27,2024-03-04,145,83,2024-02-07,Pickle,313
B0381,Carrot,2024-10-25,2025-02-22,792,572,2024-11-06,Snack Mix,73
B0382,Cabbage,2025-06-17,2025-08-14,223,35,2025-07-08,Chutney,224
B0383,Cabbage,2024-10-01,2025-02-19,221,111,2024-10-05,Dehydrated Mix,62
B0384,Carrot,2024-11-02,2025-03-20,419,128,2024-11-27,Dehydrated Mix,69
B0385,Cabbage,2025-08-31,2026-02-19,159,34,2025-09-06,Pickle,264
B0386,Spinach,2025-02-09,2025-05-20,439,411,2025-03-07,Dehydrated Mix,347
B0387,Cabbage,2024-12-08,2025-04-12,658,139,2025-01-03,Chutney,363
B0388,Spinach,2025-09-09,2025-11-14,231,101,2025-09-24,Chutney,190
B0389,Spinach,2025-12-12,2026-06-07,850,248,2025-12-27,Dehydrated Mix,324
B0390,Onion,2024-10-14,2025-02-06,627,204,2024-10-25,Snack Mix,88
B0391,Cabbage,2024-01-28,2024-06-09,498,408,2024-02-27,Pickle,137
B0392,Cabbage,2025-02-22,2025-07-14,360,123,2025-02-26,Sauce,354
B0393,Chili,2025-03-09,2025-06-28,662,490,2025-03-11,Snack Mix,259
B0394,Potato,2025-06-02,2025-10-02,859,368,2025-06-19,Pickle,48
B0395,Chili,2024-09-11,2024-12-25,677,45,2024-09-16,Chutney,361
B0396,Carrot,2025-03-16,2025-04-27,314,113,2025-03-16,Dehydrated Mix,80
B0397,Onion,2025-01-18,2025-05-13,757,512,2025-02-01,Chutney,331
B0398,Potato,2024-01-26,2024-06-12,475,471,2024-01-29,Pickle,181
B0399,Ginger,2024-05-25,2024-09-06,516,211,2024-06-03,Chutney,205
B0400,Cabbage,2025-05-02,2025-06-10,376,34,2025-05-16,Pickle,261
B0401,Onion,2025-12-28,2026-02-10,713,111,2025-12-28,Sauce,205
B0402,Chili,2025-06-12,2025-08-10,388,286,2025-06-29,Dehydrated Mix,111
B0403,Chili,2024-08-25,2024-12-21,240,163,2024-09-14,Dehydrated Mix,124
B0404,Chili,2024-01-30,2024-07-20,510,303,2024-02-27,Dehydrated Mix,131
B0405,Potato,2024-01-05,2024-03-14,820,720,2024-01-11,Snack Mix,172
B0406,Ginger,2024-04-14,2024-09-13,383,100,2024-04-19,Pickle,217
B0407,Chili,2024-09-25,2025-02-12,370,305,2024-10-11,Snack Mix,357
B0408,Onion,2025-02-05,2025-07-20,410,234,2025-02-08,Chutney,208
B0409,Carrot,2025-09-21,2026-03-06,370,60,2025-09-23,Chutney,98
B0410,Chili,2024-04-29,2024-06-29,573,397,2024-05-10,Snack Mix,102
B0411,Onion,2024-05-21,2024-10-30,240,124,2024-06-02,Snack Mix,246
B0412,Ginger,2024-06-19,2024-11-06,241,80,2024-06-28,Snack Mix,101
B0413,Carrot,2024-02-24,2024-06-09,546,139,2024-03-25,Dehydrated Mix,34
B0414,Ginger,2025-07-29,2025-12-20,468,350,2025-08-18,Dehydrated Mix,283
B0415,Carrot,2025-12-28,2026-05-05,134,7,2026-01-12,Chutney,115
B0416,Ginger,2024-02-03,2024-04-28,345,86,2024-02-10,Snack Mix,305
B0417,Cabbage,2025-05-22,2025-10-24,636,116,2025-06-07,Snack Mix,87
B0418,Ginger,2025-01-10,2025-06-12,828,736,2025-02-05,Snack Mix,51
B0419,Cabbage,2024-08-11,2024-12-12,819,253,2024-08-14,Pickle,364
B0420,Potato,2025-04-05,2025-06-26,499,443,2025-04-16,Sauce,74
B0421,Chili,2024-08-02,2025-01-14,931,727,2024-08-24,Sauce,209
B0422,Tomato,2025-09-22,2025-11-11,883,211,2025-10-17,Snack Mix,135
B0423,Spinach,2024-12-25,2025-05-25,601,172,2025-01-02,Chutney,335
B0424,Potato,2024-10-23,2025-04-02,971,695,2024-10-31,Sauce,293
B0425,Onion,2025-02-25,2025-03-27,179,179,2025-03-05,Sauce,365
B0426,Chili,2024-05-29,2024-09-03,829,692,2024-06-24,Dehydrated Mix,156
B0427,Chili,2024-05-25,2024-11-03,692,424,2024-06-14,Dehydrated Mix,167
B0428,Cabbage,2024-03-18,2024-09-11,462,263,2024-04-12,Chutney,77
B0429,Potato,2025-04-10,2025-08-27,52,49,2025-04-20,Dehydrated Mix,327
B0430,Chili,2025-10-12,2026-01-26,864,547,2025-11-08,Sauce,62
B0431,Spinach,2025-03-15,2025-05-23,380,145,2025-03-30,Snack Mix,167
B0432,Tomato,2025-08-14,2025-10-01,857,351,2025-09-01,Pickle,278
B0433,Onion,2024-04-11,2024-10-03,66,15,2024-05-06,Dehydrated Mix,265
B0434,Cabbage,2025-04-12,2025-04-27,755,135,2025-04-18,Sauce,133
B0435,Spinach,2024-10-07,2024-11-14,306,42,2024-10-27,Sauce,214
B0436,Carrot,2024-02-23,2024-06-18,793,716,2024-03-14,Dehydrated Mix,186
B0437,Ginger,2025-11-02,2025-12-10,51,13,2025-11-24,Pickle,78
B0438,Tomato,2024-05-15,2024-10-28,746,455,2024-05-22,Pickle,295
B0439,Onion,2025-12-13,2026-03-25,930,432,2026-01-08,Dehydrated Mix,91
B0440,Potato,2024-03-13,2024-05-25,798,104,2024-03-25,Chutney,75
B0441,Onion,2025-01-11,2025-04-12,842,832,2025-01-15,Sauce,225
B0442,Onion,2024-03-11,2024-08-08,674,665,2024-03-29,Dehydrated Mix,34
B0443,Ginger,2024-12-25,2025-03-04,991,421,2025-01-14,Sauce,107
B0444,Spinach,2024-03-29,2024-05-08,653,393,2024-04-02,Dehydrated Mix,93
B0445,Carrot,2024-11-18,2025-01-07,710,86,2024-11-25,Snack Mix,171
B0446,Cabbage,2025-09-07,2026-02-22,341,13,2025-09-30,Sauce,341
B0447,Cabbage,2025-06-14,2025-12-01,815,401,2025-06-30,Pickle,126
B0448,Potato,2024-09-02,2025-01-21,296,255,2024-09-14,Snack Mix,87
B0449,Chili,2024-01-13,2024-04-29,185,99,2024-02-11,Chutney,192
B0450,Tomato,2025-07-13,2025-09-10,838,74,2025-08-06,Snack Mix,271
B0451,Chili,2024-03-10,2024-03-28,90,7,2024-03-18,Snack Mix,140
B0452,Chili,2024-10-20,2025-04-13,835,425,2024-11-11,Dehydrated Mix,286
B0453,Cabbage,2024-03-25,2024-09-19,680,156,2024-04-11,Pickle,305
B0454,Spinach,2024-11-13,2024-12-18,877,159,2024-11-29,Dehydrated Mix,134
B0455,Potato,2025-08-23,2026-02-16,747,658,2025-09-16,Chutney,362
B0456,Potato,2025-12-16,2026-04-21,109,31,2026-01-08,Dehydrated Mix,152
B0457,Onion,2024-04-28,2024-09-06,106,39,2024-05-17,Pickle,341
B0458,Spinach,2024-01-13,2024-03-03,217,127,2024-02-04,Snack Mix,35
B0459,Potato,2025-06-13,2025-09-02,179,68,2025-06-18,Pickle,220
B0460,Potato,2024-12-09,2025-04-12,115,33,2024-12-17,Dehydrated Mix,298
B0461,Spinach,2025-04-11,2025-09-03,561,170,2025-04-22,Sauce,58
B0462,Potato,2024-09-18,2024-10-29,740,740,2024-10-16,Sauce,323
B0463,Ginger,2025-06-05,2025-06-20,300,23,2025-06-05,Chutney,36
B0464,Carrot,2025-01-27,2025-03-21,616,429,2025-02-01,Chutney,48
B0465,Spinach,2024-09-11,2025-01-10,327,39,2024-10-10,Pickle,193
B0466,Tomato,2025-05-29,2025-06-26,873,528,2025-06-03,Dehydrated Mix,144
B0467,Spinach,2024-03-11,2024-07-23,842,318,2024-04-07,Pickle,174
B0468,Cabbage,2025-07-20,2025-11-28,255,149,2025-07-20,Snack Mix,218
B0469,Carrot,2024-09-05,2025-01-16,555,200,2024-09-16,Sauce,332
B0470,Tomato,2024-01-07,2024-05-05,604,354,2024-01-07,Chutney,149
B0471,Carrot,2024-01-02,2024-04-22,156,52,2024-01-29,Dehydrated Mix,187
B0472,Carrot,2025-05-18,2025-06-17,145,11,2025-05-22,Snack Mix,173
B0473,Onion,2025-02-26,2025-06-16,644,97,2025-03-12,Dehydrated Mix,73
B0474,Onion,2024-03-17,2024-08-30,495,339,2024-04-04,Sauce,61
B0475,Chili,2024-10-25,2025-01-14,998,820,2024-11-21,Chutney,191
B0476,Carrot,2024-11-21,2025-03-31,126,120,2024-11-29,Sauce,149
B0477,Ginger,2025-08-21,2025-10-02,218,115,2025-08-25,Chutney,84
B0478,Ginger,2025-02-20,2025-04-06,838,212,2025-03-09,Chutney,213
B0479,Cabbage,2025-04-19,2025-07-10,142,40,2025-05-16,Snack Mix,91
B0480,Carrot,2024-02-11,2024-04-21,201,23,2024-03-08,Chutney,197
B0481,Tomato,2025-02-09,2025-07-05,316,89,2025-02-10,Dehydrated Mix,183
B0482,Ginger,2025-04-08,2025-09-12,305,48,2025-05-01,Pickle,311
B0483,Carrot,2024-05-23,2024-07-08,900,799,2024-05-23,Sauce,61
B0484,Cabbage,2024-07-21,2024-11-15,710,86,2024-08-01,Pickle,352
B0485,Onion,2024-01-23,2024-02-23,504,414,2024-01-29,Pickle,360
B0486,Chili,2024-12-05,2025-01-20,101,21,2024-12-06,Dehydrated Mix,266
B0487,Carrot,2025-05-23,2025-06-14,226,90,2025-06-04,Sauce,248
B0488,Carrot,2024-10-08,2025-01-02,85,78,2024-10-22,Chutney,106
B0489,Potato,2025-05-25,2025-09-22,540,62,2025-06-22,Chutney,311
B0490,Carrot,2025-01-27,2025-03-18,708,538,2025-02-09,Snack Mix,132
B0491,Spinach,2024-01-20,2024-05-11,541,496,2024-02-14,Snack Mix,213
B0492,Spinach,2025-05-29,2025-09-03,234,6,2025-06-10,Snack Mix,168
B0493,Spinach,2024-08-12,2024-09-03,878,483,2024-08-20,Snack Mix,59
B0494,Cabbage,2024-08-26,2024-10-20,722,246,2024-08-29,Snack Mix,156
B0495,Onion,2024-02-27,2024-05-08,413,88,2024-03-16,Sauce,228
B0496,Tomato,2025-08-29,2025-12-03,985,605,2025-09-23,Chutney,213
B0497,Ginger,2025-08-04,2026-01-10,242,214,2025-08-08,Snack Mix,318
B0498,Carrot,2024-11-12,2025-01-10,142,14,2024-11-27,Snack Mix,49
B0499,Carrot,2024-08-12,2024-09-01,50,21,2024-08-28,Sauce,274
B0500,Onion,2024-12-14,2025-02-12,110,2,2025-01-12,Snack Mix,195
B0501,Spinach,2025-12-22,2026-02-11,916,538,2026-01-15,Pickle,86
B0502,Spinach,2025-01-17,2025-05-13,394,154,2025-02-04,Sauce,81
B0503,Onion,2024-06-10,2024-10-14,548,324,2024-07-05,Snack Mix,357
B0504,Chili,2025-12-11,2026-06-01,278,89,2026-01-05,Chutney,212
B0505,Chili,2025-12-06,2026-03-06,796,1,2025-12-10,Snack Mix,120
B0506,Carrot,2024-02-03,2024-04-04,993,828,2024-02-22,Snack Mix,192
B0507,Carrot,2024-04-16,2024-09-05,813,79,2024-04-20,Chutney,199
B0508,Spinach,2024-11-23,2025-01-19,891,725,2024-12-13,Dehydrated Mix,75
B0509,Spinach,2024-01-12,2024-04-03,759,69,2024-01-18,Chutney,157
B0510,Chili,2024-04-20,2024-05-05,498,375,2024-04-20,Sauce,227
B0511,Chili,2025-02-27,2025-07-18,409,279,2025-03-27,Pickle,223
B0512,Potato,2025-05-05,2025-10-14,216,115,2025-05-25,Pickle,145
B0513,Spinach,2024-10-28,2024-11-17,157,18,2024-11-07,Sauce,163
B0514,Spinach,2025-01-19,2025-03-16,610,95,2025-02-11,Snack Mix,68
B0515,Onion,2025-09-20,2026-02-05,491,482,2025-10-12,Snack Mix,45
B0516,Carrot,2025-03-20,2025-05-14,389,105,2025-03-21,Dehydrated Mix,81
B0517,Cabbage,2025-12-14,2026-05-19,321,144,2026-01-06,Sauce,306
B0518,Onion,2024-04-08,2024-05-05,612,502,2024-04-20,Pickle,322
B0519,Ginger,2025-01-04,2025-01-19,351,338,2025-01-10,Sauce,74
B0520,Potato,2024-04-09,2024-04-30,703,298,2024-04-15,Dehydrated Mix,117
B0521,Cabbage,2024-04-28,2024-07-30,532,500,2024-05-23,Pickle,233
B0522,Spinach,2025-10-19,2026-03-22,429,195,2025-10-31,Sauce,124
B0523,Carrot,2025-04-01,2025-04-27,526,269,2025-04-09,Chutney,255
B0524,Chili,2025-07-31,2025-08-30,137,88,2025-08-04,Snack Mix,79
B0525,Chili,2024-08-20,2025-01-23,888,535,2024-08-21,Snack Mix,228
B0526,Potato,2025-12-04,2026-04-19,537,306,2025-12-22,Dehydrated Mix,150
B0527,Onion,2024-02-05,2024-06-27,869,585,2024-02-23,Pickle,294
B0528,Onion,2025-04-04,2025-06-02,266,98,2025-05-04,Pickle,115
B0529,Cabbage,2025-03-09,2025-04-13,256,75,2025-03-30,Chutney,252
B0530,Spinach,2024-03-09,2024-04-15,456,282,2024-03-21,Chutney,314
B0531,Chili,2025-06-16,2025-10-26,855,717,2025-07-15,Pickle,36
B0532,Potato,2025-02-28,2025-04-22,652,596,2025-03-04,Pickle,320
B0533,Spinach,2025-07-30,2025-09-08,938,548,2025-08-24,Dehydrated Mix,176
B0534,Ginger,2024-09-27,2025-01-18,635,623,2024-10-17,Pickle,278
B0535,Chili,2024-06-25,2024-09-18,683,623,2024-07-07,Pickle,103
B0536,Ginger,2025-02-09,2025-05-19,100,95,2025-03-03,Chutney,151
B0537,Ginger,2025-01-16,2025-02-05,368,143,2025-01-26,Pickle,185
B0538,Cabbage,2024-08-21,2024-10-09,842,328,2024-08-30,Dehydrated Mix,256
B0539,Chili,2025-09-11,2026-03-10,502,108,2025-09-13,Dehydrated Mix,126
B0540,Potato,2025-06-12,2025-09-30,577,162,2025-07-08,Chutney,58
B0541,Tomato,2025-12-27,2026-05-20,849,536,2026-01-08,Sauce,99
B0542,Ginger,2024-07-16,2024-09-20,305,16,2024-08-11,Pickle,59
B0543,Chili,2025-01-04,2025-03-10,893,475,2025-01-12,Pickle,218
B0544,Onion,2025-11-28,2025-12-20,550,456,2025-12-05,Dehydrated Mix,220
B0545,Cabbage,2025-08-23,2026-01-26,217,214,2025-09-03,Pickle,206
B0546,Carrot,2024-10-18,2024-11-09,216,146,2024-10-30,Sauce,55
B0547,Tomato,2025-10-24,2026-01-04,325,209,2025-11-14,Pickle,135
B0548,Carrot,2025-04-30,2025-06-17,665,8,2025-05-20,Chutney,118
B0549,Chili,2025-09-14,2025-12-16,331,216,2025-10-06,Chutney,359
B0550,Chili,2025-04-15,2025-07-03,359,346,2025-04-21,Snack Mix,268
B0551,Cabbage,2024-04-14,2024-04-30,712,608,2024-04-25,Chutney,317
B0552,Spinach,2025-12-01,2026-01-12,394,141,2025-12-16,Chutney,62
B0553,Tomato,2024-09-24,2024-12-24,579,246,2024-09-30,Snack Mix,106
B0554,Ginger,2025-02-17,2025-05-24,788,26,2025-03-10,Chutney,101
B0555,Carrot,2024-09-22,2025-01-22,804,36,2024-10-04,Chutney,228
B0556,Spinach,2025-12-31,2026-03-12,703,487,2026-01-21,Snack Mix,303
B0557,Potato,2024-11-03,2024-12-31,235,75,2024-11-29,Dehydrated Mix,315
B0558,Spinach,2024-05-11,2024-07-31,831,187,2024-06-03,Pickle,316
B0559,Spinach,2024-08-15,2024-11-28,480,403,2024-08-22,Chutney,187
B0560,Ginger,2024-09-23,2025-03-06,921,120,2024-10-02,Pickle,267
B0561,Carrot,2025-10-11,2026-03-24,122,60,2025-10-29,Snack Mix,347
B0562,Onion,2024-05-02,2024-08-22,473,27,2024-05-18,Sauce,182
B0563,Ginger,2024-07-24,2024-11-03,964,928,2024-08-06,Sauce,321
B0564,Onion,2024-11-19,2025-01-19,549,340,2024-12-13,Chutney,71
B0565,Onion,2025-10-11,2025-11-09,330,107,2025-10-11,Snack Mix,261
B0566,Chili,2024-06-11,2024-10-29,182,157,2024-07-06,Dehydrated Mix,75
B0567,Tomato,2025-02-17,2025-06-21,442,2,2025-03-19,Snack Mix,274
B0568,Carrot,2024-07-23,2024-11-10,963,329,2024-08-22,Pickle,37
B0569,Cabbage,2025-11-23,2025-12-09,760,352,2025-11-30,Sauce,145
B0570,Potato,2024-04-15,2024-08-06,363,85,2024-05-01,Pickle,331
B0571,Spinach,2024-11-01,2025-01-29,660,536,2024-11-15,Dehydrated Mix,296
B0572,Carrot,2025-12-04,2026-01-22,417,384,2025-12-14,Sauce,280
B0573,Carrot,2025-02-17,2025-03-08,794,134,2025-02-24,Pickle,144
B0574,Tomato,2025-08-26,2026-01-17,425,364,2025-08-31,Dehydrated Mix,93
B0575,Tomato,2025-10-17,2026-01-05,688,49,2025-11-10,Pickle,303
B0576,Chili,2025-10-31,2025-11-20,476,227,2025-11-01,Pickle,89
B0577,Cabbage,2025-07-14,2025-10-01,260,4,2025-07-29,Dehydrated Mix,108
B0578,Onion,2025-11-08,2025-12-18,326,318,2025-11-29,Dehydrated Mix,296
B0579,Potato,2024-04-17,2024-09-09,170,72,2024-05-10,Pickle,346
B0580,Carrot,2025-05-24,2025-07-28,846,269,2025-06-12,Chutney,132
B0581,Ginger,2025-12-21,2026-04-19,90,70,2025-12-30,Sauce,112
B0582,Potato,2025-12-05,2026-04-22,52,0,2025-12-15,Pickle,150
B0583,Potato,2025-08-10,2025-12-29,848,523,2025-08-14,Pickle,76
B0584,Ginger,2024-09-19,2025-03-17,353,135,2024-09-26,Pickle,263
B0585,Spinach,2024-04-12,2024-06-10,922,297,2024-05-09,Chutney,50
B0586,Onion,2025-03-12,2025-04-25,59,54,2025-03-15,Sauce,53
B0587,Potato,2024-12-02,2025-03-18,686,274,2024-12-30,Chutney,254
B0588,Cabbage,2024-12-16,2025-02-15,459,233,2024-12-19,Dehydrated Mix,235
B0589,Potato,2025-12-07,2026-04-23,714,170,2026-01-01,Sauce,245
B0590,Ginger,2025-12-13,2026-01-12,156,106,2026-01-09,Snack Mix,111
B0591,Spinach,2025-11-25,2026-04-01,438,398,2025-11-30,Snack Mix,342
B0592,Ginger,2024-01-30,2024-03-18,165,105,2024-02-14,Pickle,279
B0593,Carrot,2024-03-05,2024-05-25,62,45,2024-03-25,Chutney,190
B0594,Carrot,2025-06-15,2025-11-10,147,110,2025-07-07,Dehydrated Mix,346
B0595,Tomato,2024-12-20,2025-06-17,909,846,2025-01-01,Pickle,106
B0596,Onion,2025-10-20,2025-12-14,922,507,2025-11-05,Pickle,270
B0597,Carrot,2025-05-18,2025-08-23,334,25,2025-05-25,Snack Mix,199
B0598,Ginger,2025-10-20,2026-02-08,130,117,2025-11-01,Snack Mix,150
B0599,Potato,2025-04-03,2025-05-10,507,161,2025-04-30,Dehydrated Mix,285
B0600,Tomato,2025-10-31,2025-11-19,472,18,2025-11-03,Pickle,236
B0601,Carrot,2025-09-10,2026-03-02,961,520,2025-09-30,Dehydrated Mix,185
B0602,Ginger,2024-12-15,2025-04-02,886,228,2025-01-10,Chutney,57
B0603,Spinach,2025-07-27,2026-01-16,783,672,2025-08-15,Dehydrated Mix,272
B0604,Spinach,2024-04-26,2024-06-04,52,21,2024-05-20,Chutney,143
B0605,Ginger,2025-07-14,2025-12-09,96,21,2025-07-25,Sauce,84
B0606,Potato,2025-02-23,2025-04-06,250,48,2025-03-03,Dehydrated Mix,342
B0607,Potato,2024-08-08,2024-12-18,783,346,2024-09-03,Dehydrated Mix,127
B0608,Ginger,2024-02-17,2024-08-12,176,115,2024-03-14,Snack Mix,331
B0609,Tomato,2025-05-31,2025-07-19,54,33,2025-06-30,Snack Mix,285
B0610,Onion,2025-03-19,2025-08-30,849,181,2025-04-03,Sauce,290
B0611,Chili,2024-04-16,2024-08-08,670,329,2024-05-07,Dehydrated Mix,337
B0612,Ginger,2025-09-15,2025-12-02,401,150,2025-09-23,Sauce,233
B0613,Spinach,2024-05-21,2024-09-18,356,280,2024-06-09,Snack Mix,292
B0614,Spinach,2025-10-09,2025-12-18,689,297,2025-10-15,Sauce,137
B0615,Spinach,2025-12-28,2026-02-26,760,652,2026-01-13,Pickle,307
B0616,Cabbage,2024-12-26,2025-06-02,634,427,2025-01-10,Dehydrated Mix,328
B0617,Tomato,2024-01-14,2024-06-10,440,74,2024-01-17,Pickle,42
B0618,Onion,2024-07-23,2024-10-14,343,128,2024-08-16,Pickle,112
B0619,Ginger,2025-12-08,2026-03-08,83,45,2025-12-14,Pickle,307
B0620,Chili,2025-09-22,2026-02-27,810,662,2025-10-19,Sauce,144
B0621,Chili,2025-06-07,2025-09-03,998,390,2025-06-29,Dehydrated Mix,54
B0622,Cabbage,2025-12-02,2026-03-07,105,1,2026-01-01,Sauce,312
B0623,Spinach,2025-09-27,2026-02-02,983,648,2025-10-23,Snack Mix,145
B0624,Onion,2025-07-13,2025-12-29,351,229,2025-07-19,Pickle,129
B0625,Tomato,2024-07-10,2024-09-07,172,96,2024-08-02,Dehydrated Mix,293
B0626,Cabbage,2024-10-12,2025-03-18,214,149,2024-10-20,Pickle,96
B0627,Spinach,2024-12-04,2025-04-17,90,19,2024-12-26,Snack Mix,109
B0628,Potato,2024-02-22,2024-08-15,552,366,2024-03-12,Chutney,184
B0629,Onion,2025-06-22,2025-09-01,583,69,2025-07-22,Dehydrated Mix,124
B0630,Carrot,2025-07-10,2025-12-09,407,113,2025-07-22,Chutney,77
B0631,Ginger,2024-12-05,2025-03-22,820,633,2024-12-14,Snack Mix,141
B0632,Carrot,2025-10-26,2025-11-12,506,123,2025-10-29,Pickle,207
B0633,Cabbage,2025-11-29,2026-03-06,445,131,2025-12-11,Pickle,88
B0634,Tomato,2025-06-13,2025-10-01,506,249,2025-06-29,Chutney,290
B0635,Onion,2025-10-29,2026-01-01,134,24,2025-11-08,Snack Mix,293
B0636,Carrot,2025-06-30,2025-07-16,736,644,2025-07-02,Dehydrated Mix,137
B0637,Onion,2024-04-16,2024-06-22,712,73,2024-05-03,Pickle,252
B0638,Onion,2025-04-15,2025-07-23,125,6,2025-04-16,Chutney,74
B0639,Chili,2025-07-25,2025-08-27,982,264,2025-08-12,Dehydrated Mix,146
B0640,Chili,2025-04-06,2025-09-29,373,8,2025-04-18,Pickle,251
B0641,Potato,2025-07-01,2025-07-17,96,89,2025-07-03,Chutney,329
B0642,Cabbage,2025-05-29,2025-07-10,671,88,2025-06-07,Dehydrated Mix,184
B0643,Carrot,2025-01-25,2025-05-21,535,160,2025-02-20,Sauce,45
B0644,Spinach,2025-02-04,2025-07-08,197,76,2025-02-13,Pickle,354
B0645,Chili,2025-07-20,2025-12-24,92,0,2025-07-24,Snack Mix,93
B0646,Spinach,2025-07-14,2025-08-19,816,759,2025-07-23,Sauce,137
B0647,Onion,2025-02-26,2025-08-25,195,41,2025-03-25,Sauce,292
B0648,Tomato,2025-09-23,2025-12-11,235,171,2025-09-29,Snack Mix,88
B0649,Potato,2025-04-17,2025-10-14,347,343,2025-05-04,Chutney,67
B0650,Spinach,2024-04-10,2024-06-14,548,338,2024-05-03,Sauce,327
B0651,Carrot,2025-11-18,2026-02-01,684,71,2025-11-21,Chutney,175
B0652,Onion,2025-05-12,2025-09-19,725,313,2025-05-22,Snack Mix,345
B0653,Tomato,2025-08-03,2025-11-19,488,86,2025-08-28,Chutney,191
B0654,Spinach,2024-09-09,2024-11-19,496,141,2024-10-01,Sauce,358
B0655,Spinach,2025-11-26,2026-03-05,523,456,2025-12-24,Chutney,275
B0656,Potato,2025-05-13,2025-10-16,711,621,2025-05-16,Chutney,119
B0657,Potato,2024-05-23,2024-10-22,801,641,2024-05-29,Pickle,164
B0658,Chili,2024-01-20,2024-06-12,882,595,2024-02-09,Snack Mix,45
B0659,Ginger,2024-08-05,2024-08-29,606,552,2024-08-22,Sauce,163
B0660,Onion,2025-01-09,2025-05-04,800,297,2025-01-16,Dehydrated Mix,331
B0661,Tomato,2025-05-28,2025-10-20,422,257,2025-05-30,Sauce,233
B0662,Onion,2025-09-20,2025-11-16,193,114,2025-10-14,Sauce,293
B0663,Ginger,2025-08-02,2026-01-08,803,749,2025-08-23,Chutney,104
B0664,Cabbage,2024-02-11,2024-04-22,287,32,2024-03-06,Chutney,279
B0665,Chili,2024-08-27,2024-09-21,580,369,2024-09-17,Dehydrated Mix,135
B0666,Cabbage,2025-04-10,2025-05-06,381,52,2025-04-11,Chutney,362
B0667,Chili,2025-08-15,2026-01-16,435,334,2025-09-02,Chutney,119
B0668,Chili,2025-08-24,2025-09-27,435,114,2025-09-09,Chutney,158
B0669,Tomato,2024-12-19,2025-05-07,958,618,2025-01-13,Snack Mix,276
B0670,Carrot,2024-05-22,2024-09-26,128,71,2024-05-27,Sauce,147
B0671,Carrot,2024-07-10,2024-09-03,784,121,2024-07-21,Dehydrated Mix,338
B0672,Onion,2024-12-04,2025-01-17,540,215,2024-12-19,Dehydrated Mix,275
B0673,Onion,2024-01-23,2024-04-09,637,606,2024-01-24,Sauce,95
B0674,Onion,2025-10-06,2026-03-01,200,14,2025-10-07,Chutney,323
B0675,Tomato,2024-07-03,2024-11-27,663,577,2024-08-02,Chutney,237
B0676,Onion,2024-03-28,2024-06-06,532,493,2024-04-11,Sauce,340
B0677,Onion,2025-02-24,2025-08-11,890,785,2025-02-28,Snack Mix,328
B0678,Spinach,2025-11-06,2026-03-31,791,702,2025-11-14,Dehydrated Mix,115
B0679,Onion,2025-09-02,2026-02-15,437,197,2025-09-04,Pickle,147
B0680,Onion,2024-01-17,2024-03-23,750,429,2024-02-02,Snack Mix,288
B0681,Potato,2024-04-08,2024-06-07,664,39,2024-04-23,Pickle,344
B0682,Chili,2025-05-08,2025-06-25,602,1,2025-06-05,Snack Mix,338
B0683,Chili,2025-03-06,2025-06-23,764,542,2025-04-02,Sauce,52
B0684,Potato,2025-05-08,2025-08-28,873,759,2025-05-19,Dehydrated Mix,331
B0685,Potato,2024-05-17,2024-08-05,981,879,2024-06-01,Chutney,149
B0686,Tomato,2025-09-04,2026-02-05,243,1,2025-09-17,Snack Mix,161
B0687,Carrot,2025-06-19,2025-08-03,434,335,2025-07-05,Chutney,33
B0688,Cabbage,2025-02-22,2025-06-09,486,333,2025-02-25,Chutney,109
B0689,Chili,2025-07-02,2025-11-02,676,282,2025-07-20,Sauce,217
B0690,Spinach,2025-02-27,2025-08-02,544,183,2025-03-24,Snack Mix,315
B0691,Chili,2025-07-22,2025-12-07,641,352,2025-07-30,Sauce,187
B0692,Onion,2025-11-06,2025-12-21,507,400,2025-11-29,Pickle,147
B0693,Tomato,2024-08-07,2024-12-30,870,563,2024-08-19,Sauce,203
B0694,Ginger,2025-02-02,2025-07-29,893,148,2025-02-02,Snack Mix,76
B0695,Potato,2025-03-21,2025-04-27,277,189,2025-03-23,Snack Mix,164
B0696,Cabbage,2024-02-08,2024-05-31,678,671,2024-03-08,Snack Mix,235
B0697,Carrot,2024-02-28,2024-04-27,499,5,2024-03-19,Snack Mix,283
B0698,Carrot,2024-10-19,2024-12-22,572,528,2024-10-20,Snack Mix,336
B0699,Onion,2024-06-22,2024-07-16,720,0,2024-07-03,Pickle,152
B0700,Carrot,2024-10-09,2025-02-03,465,300,2024-10-20,Snack Mix,232
B0701,Spinach,2024-01-16,2024-02-17,612,291,2024-02-14,Chutney,76
B0702,Tomato,2024-10-10,2024-12-21,515,413,2024-10-29,Chutney,129
B0703,Cabbage,2024-06-28,2024-10-25,622,74,2024-07-14,Chutney,84
B0704,Cabbage,2024-04-29,2024-09-22,947,550,2024-05-29,Dehydrated Mix,161
B0705,Ginger,2025-01-21,2025-06-29,825,347,2025-02-05,Dehydrated Mix,154
B0706,Chili,2025-08-23,2025-09-14,314,34,2025-09-07,Sauce,89
B0707,Tomato,2025-11-24,2026-02-05,472,180,2025-12-19,Chutney,191
B0708,Potato,2024-09-11,2024-12-08,739,350,2024-09-13,Snack Mix,234
B0709,Onion,2024-07-01,2024-11-14,273,137,2024-07-11,Sauce,211
B0710,Carrot,2025-05-25,2025-07-30,943,271,2025-06-01,Sauce,153
B0711,Potato,2024-07-26,2024-10-12,414,79,2024-08-21,Pickle,346
B0712,Tomato,2024-03-21,2024-08-09,832,554,2024-04-09,Dehydrated Mix,33
B0713,Cabbage,2025-01-15,2025-07-07,969,902,2025-01-25,Dehydrated Mix,282
B0714,Tomato,2024-07-06,2024-11-28,277,65,2024-07-14,Snack Mix,233
B0715,Spinach,2025-03-09,2025-07-24,83,64,2025-04-08,Dehydrated Mix,306
B0716,Ginger,2025-12-03,2026-01-31,765,530,2025-12-17,Chutney,91
B0717,Potato,2025-12-06,2025-12-23,438,297,2025-12-06,Chutney,137
B0718,Cabbage,2025-01-05,2025-06-25,241,140,2025-02-01,Sauce,162
B0719,Onion,2024-10-02,2025-02-14,401,187,2024-11-01,Dehydrated Mix,343
B0720,Cabbage,2025-03-10,2025-05-17,423,205,2025-03-23,Dehydrated Mix,220
B0721,Potato,2024-07-03,2024-12-11,752,234,2024-07-07,Chutney,324
B0722,Onion,2024-08-29,2025-02-02,250,37,2024-09-11,Dehydrated Mix,225
B0723,Spinach,2024-01-10,2024-03-10,187,161,2024-01-23,Dehydrated Mix,285
B0724,Potato,2024-11-03,2025-01-21,98,50,2024-11-20,Sauce,320
B0725,Ginger,2024-03-02,2024-05-11,537,98,2024-03-28,Chutney,160
B0726,Spinach,2024-09-23,2025-01-08,620,263,2024-10-04,Pickle,316
B0727,Onion,2025-02-25,2025-04-12,253,147,2025-03-08,Chutney,340
B0728,Potato,2024-12-29,2025-04-06,549,457,2025-01-19,Dehydrated Mix,291
B0729,Spinach,2025-09-20,2025-12-17,198,42,2025-10-04,Dehydrated Mix,353
B0730,Potato,2025-10-08,2026-03-28,919,73,2025-10-26,Sauce,237
B0731,Cabbage,2024-12-17,2025-02-28,718,298,2024-12-27,Snack Mix,192
B0732,Ginger,2025-10-22,2026-02-15,849,371,2025-10-30,Dehydrated Mix,257
B0733,Cabbage,2024-06-20,2024-08-21,178,60,2024-07-17,Pickle,41
B0734,Ginger,2024-08-03,2024-09-29,147,16,2024-08-15,Snack Mix,82
B0735,Potato,2024-02-25,2024-03-17,833,85,2024-03-08,Chutney,298
B0736,Cabbage,2025-09-24,2025-11-17,956,399,2025-09-26,Sauce,365
B0737,Onion,2024-09-10,2024-12-06,179,33,2024-09-24,Pickle,350
B0738,Ginger,2024-02-05,2024-05-21,934,487,2024-03-03,Snack Mix,196
B0739,Onion,2024-10-05,2025-03-09,764,552,2024-10-19,Snack Mix,99
B0740,Chili,2025-09-03,2026-01-12,948,577,2025-09-23,Snack Mix,355
B0741,Ginger,2025-10-17,2026-04-13,980,355,2025-11-03,Snack Mix,188
B0742,Cabbage,2024-08-20,2024-09-26,424,211,2024-09-03,Sauce,187
B0743,Onion,2024-11-06,2024-11-23,884,776,2024-11-06,Chutney,297
B0744,Ginger,2024-10-20,2025-03-04,754,503,2024-11-06,Chutney,34
B0745,Tomato,2024-01-10,2024-05-14,661,236,2024-02-04,Snack Mix,179
B0746,Carrot,2025-01-17,2025-03-21,497,202,2025-01-30,Sauce,317
B0747,Potato,2025-10-23,2026-02-14,275,134,2025-11-18,Dehydrated Mix,223
B0748,Cabbage,2025-10-02,2025-12-17,876,710,2025-10-18,Chutney,343
B0749,Potato,2025-10-26,2026-03-26,472,96,2025-11-20,Sauce,167
B0750,Cabbage,2024-05-19,2024-08-16,516,463,2024-05-22,Snack Mix,356
B0751,Tomato,2025-05-18,2025-07-20,205,12,2025-05-28,Sauce,39
B0752,Tomato,2024-04-14,2024-07-10,782,448,2024-04-22,Sauce,94
B0753,Chili,2024-04-02,2024-05-25,272,175,2024-04-02,Chutney,282
B0754,Onion,2025-05-25,2025-09-12,388,41,2025-06-08,Pickle,46
B0755,Carrot,2024-09-29,2025-01-22,531,185,2024-10-01,Chutney,308
B0756,Ginger,2025-01-25,2025-02-12,444,394,2025-01-28,Sauce,157
B0757,Ginger,2024-02-04,2024-04-09,583,213,2024-02-18,Dehydrated Mix,78
B0758,Tomato,2025-11-28,2026-03-02,212,161,2025-12-27,Snack Mix,195
B0759,Carrot,2025-06-17,2025-08-02,703,305,2025-06-25,Chutney,276
B0760,Spinach,2024-02-23,2024-05-03,698,444,2024-02-26,Pickle,150
B0761,Carrot,2024-06-20,2024-09-13,455,404,2024-07-08,Pickle,91
B0762,Onion,2024-02-13,2024-07-25,754,610,2024-03-09,Chutney,273
B0763,Tomato,2024-04-01,2024-06-18,143,86,2024-04-06,Pickle,285
B0764,Onion,2024-12-30,2025-06-28,860,109,2025-01-03,Dehydrated Mix,304
B0765,Ginger,2024-08-26,2024-11-30,824,355,2024-09-12,Sauce,360
B0766,Ginger,2024-01-22,2024-05-12,306,20,2024-02-02,Dehydrated Mix,98
B0767,Onion,2025-07-26,2025-10-24,244,145,2025-08-12,Snack Mix,280
B0768,Onion,2024-12-22,2025-03-29,331,306,2025-01-14,Pickle,269
B0769,Spinach,2025-06-27,2025-08-20,889,269,2025-07-11,Dehydrated Mix,181
B0770,Tomato,2024-01-01,2024-06-27,801,189,2024-01-17,Snack Mix,224
B0771,Chili,2025-01-07,2025-06-29,788,64,2025-01-14,Sauce,194
B0772,Cabbage,2025-06-20,2025-11-09,207,156,2025-07-14,Chutney,312
B0773,Potato,2025-02-23,2025-08-21,148,133,2025-03-05,Pickle,86
B0774,Ginger,2024-05-12,2024-07-11,256,54,2024-06-08,Sauce,46
B0775,Ginger,2024-04-11,2024-05-04,906,397,2024-04-29,Snack Mix,358
B0776,Potato,2025-09-30,2026-03-15,425,113,2025-10-08,Pickle,55
B0777,Spinach,2024-08-01,2024-12-19,529,62,2024-08-30,Snack Mix,70
B0778,Cabbage,2025-03-01,2025-06-18,893,631,2025-03-26,Snack Mix,59
B0779,Potato,2024-02-11,2024-03-15,129,55,2024-03-08,Pickle,185
B0780,Carrot,2024-08-24,2025-01-22,247,134,2024-09-05,Snack Mix,127
B0781,Potato,2025-10-02,2025-12-01,475,382,2025-10-19,Snack Mix,315
B0782,Onion,2025-01-01,2025-05-13,954,106,2025-01-23,Sauce,248
B0783,Ginger,2025-07-17,2025-11-11,723,161,2025-08-02,Chutney,202
B0784,Chili,2024-11-18,2025-04-22,472,391,2024-11-28,Chutney,220
B0785,Cabbage,2025-09-15,2025-11-30,269,192,2025-10-03,Chutney,309
B0786,Tomato,2025-04-08,2025-08-15,50,46,2025-05-08,Chutney,233
B0787,Tomato,2025-09-02,2025-09-21,961,309,2025-09-18,Chutney,99
B0788,Onion,2024-08-15,2024-10-23,72,35,2024-09-11,Pickle,191
B0789,Spinach,2024-02-08,2024-06-19,191,67,2024-02-19,Snack Mix,109
B0790,Carrot,2024-09-12,2024-11-25,144,102,2024-09-20,Pickle,183
B0791,Potato,2024-11-28,2025-04-15,895,706,2024-12-03,Snack Mix,279
B0792,Tomato,2025-10-19,2026-01-18,440,40,2025-10-20,Chutney,325
B0793,Carrot,2024-12-22,2025-04-27,940,788,2025-01-04,Snack Mix,91
B0794,Cabbage,2024-01-12,2024-07-07,441,27,2024-02-05,Snack Mix,353
B0795,Carrot,2024-02-12,2024-05-18,203,83,2024-02-29,Sauce,319
B0796,Potato,2024-02-21,2024-06-15,639,516,2024-03-06,Sauce,334
B0797,Spinach,2025-03-18,2025-06-15,201,33,2025-04-12,Pickle,231
B0798,Cabbage,2025-05-02,2025-10-10,611,408,2025-05-25,Pickle,55
B0799,Ginger,2025-02-12,2025-07-05,830,138,2025-02-25,Snack Mix,96
B0800,Carrot,2024-07-21,2024-12-07,635,200,2024-08-02,Sauce,363
B0801,Potato,2024-03-14,2024-06-05,381,350,2024-04-07,Pickle,250
B0802,Spinach,2025-11-18,2026-03-18,406,97,2025-12-01,Chutney,217
B0803,Ginger,2025-08-31,2025-09-21,408,315,2025-09-09,Snack Mix,116
B0804,Spinach,2024-05-29,2024-10-03,254,175,2024-05-30,Sauce,149
B0805,Cabbage,2024-03-28,2024-05-10,298,75,2024-04-20,Pickle,57
B0806,Spinach,2024-12-17,2025-01-29,532,23,2024-12-26,Sauce,260
B0807,Ginger,2025-07-04,2025-09-11,585,264,2025-07-10,Snack Mix,309
B0808,Tomato,2024-05-24,2024-06-12,977,679,2024-06-05,Chutney,328
B0809,Cabbage,2024-06-23,2024-07-23,858,713,2024-07-02,Pickle,132
B0810,Spinach,2025-04-21,2025-05-08,726,277,2025-04-23,Pickle,228
B0811,Chili,2024-01-20,2024-04-18,445,118,2024-02-16,Snack Mix,362
B0812,Potato,2025-12-27,2026-02-05,546,544,2026-01-24,Sauce,191
B0813,Tomato,2024-07-22,2024-12-12,624,22,2024-08-21,Sauce,264
B0814,Onion,2025-06-26,2025-09-27,452,381,2025-07-06,Pickle,280
B0815,Cabbage,2024-12-21,2025-04-05,359,120,2025-01-01,Pickle,350
B0816,Tomato,2025-10-02,2025-12-21,961,834,2025-10-30,Snack Mix,228
B0817,Onion,2024-10-13,2024-12-24,968,402,2024-10-17,Pickle,204
B0818,Carrot,2025-01-26,2025-06-23,943,640,2025-02-25,Dehydrated Mix,343
B0819,Spinach,2024-09-03,2025-02-11,369,309,2024-09-07,Dehydrated Mix,248
B0820,Carrot,2025-07-09,2025-08-26,191,148,2025-07-15,Sauce,364
B0821,Onion,2024-11-12,2025-04-10,490,465,2024-12-11,Snack Mix,99
B0822,Onion,2024-06-10,2024-09-14,595,121,2024-06-12,Chutney,315
B0823,Ginger,2024-05-29,2024-06-20,471,155,2024-06-08,Chutney,241
B0824,Cabbage,2024-06-04,2024-08-06,239,6,2024-06-07,Snack Mix,97
B0825,Tomato,2025-08-03,2026-01-21,287,118,2025-08-10,Chutney,335
B0826,Ginger,2024-03-22,2024-08-06,916,619,2024-03-26,Chutney,287
B0827,Carrot,2024-07-07,2024-10-29,190,41,2024-07-22,Sauce,272
B0828,Chili,2024-02-03,2024-06-01,997,276,2024-02-27,Sauce,37
B0829,Ginger,2025-11-18,2026-01-23,117,22,2025-12-12,Snack Mix,134
B0830,Chili,2025-05-16,2025-08-22,958,252,2025-06-12,Dehydrated Mix,264
B0831,Chili,2024-02-12,2024-07-31,787,320,2024-03-06,Snack Mix,224
B0832,Potato,2025-08-08,2026-01-22,706,39,2025-08-25,Dehydrated Mix,298
B0833,Tomato,2025-04-12,2025-05-07,600,405,2025-04-19,Snack Mix,295
B0834,Cabbage,2025-01-31,2025-06-27,100,24,2025-02-24,Dehydrated Mix,352
B0835,Chili,2025-02-11,2025-05-14,522,170,2025-03-07,Chutney,176
B0836,Ginger,2025-09-19,2025-10-17,975,145,2025-10-11,Dehydrated Mix,294
B0837,Onion,2024-04-02,2024-08-23,847,599,2024-04-05,Dehydrated Mix,122
B0838,Carrot,2025-02-27,2025-06-04,233,116,2025-03-13,Dehydrated Mix,42
B0839,Onion,2024-04-02,2024-06-20,978,728,2024-04-12,Pickle,362
B0840,Potato,2024-04-03,2024-05-17,699,371,2024-04-25,Snack Mix,260
B0841,Chili,2025-12-25,2026-04-17,676,163,2026-01-17,Snack Mix,291
B0842,Onion,2025-01-24,2025-02-19,984,343,2025-02-17,Sauce,117
B0843,Cabbage,2024-05-28,2024-07-27,479,157,2024-06-21,Dehydrated Mix,56
B0844,Carrot,2024-10-22,2025-04-15,970,134,2024-10-27,Pickle,90
B0845,Tomato,2025-09-29,2025-12-17,559,510,2025-09-29,Snack Mix,264
B0846,Ginger,2025-05-20,2025-08-03,725,487,2025-05-26,Dehydrated Mix,331
B0847,Cabbage,2025-03-28,2025-05-02,56,15,2025-04-16,Snack Mix,337
B0848,Onion,2025-10-05,2026-03-11,100,23,2025-10-31,Pickle,136
B0849,Cabbage,2025-10-30,2026-02-11,924,33,2025-10-31,Chutney,104
B0850,Cabbage,2024-03-30,2024-04-26,232,41,2024-04-02,Snack Mix,243
B0851,Spinach,2025-11-07,2026-04-23,231,116,2025-11-25,Pickle,317
B0852,Potato,2024-04-05,2024-07-05,969,388,2024-04-15,Dehydrated Mix,218
B0853,Cabbage,2025-07-17,2025-08-17,187,31,2025-07-26,Chutney,271
B0854,Tomato,2025-06-23,2025-10-21,762,214,2025-07-09,Pickle,137
B0855,Chili,2025-08-08,2026-01-31,545,294,2025-08-24,Snack Mix,74
B0856,Onion,2024-11-20,2025-02-09,688,362,2024-12-06,Snack Mix,324
B0857,Onion,2025-07-30,2025-12-19,559,504,2025-08-15,Snack Mix,353
B0858,Ginger,2024-08-26,2024-11-23,171,6,2024-09-01,Pickle,30
B0859,Spinach,2024-07-31,2025-01-19,96,42,2024-08-13,Snack Mix,241
B0860,Cabbage,2025-10-14,2025-12-22,256,144,2025-10-14,Pickle,357
B0861,Potato,2024-11-11,2025-02-10,381,3,2024-11-27,Chutney,311
B0862,Onion,2024-12-15,2025-04-10,680,29,2025-01-07,Sauce,321
B0863,Tomato,2024-12-04,2025-03-15,988,485,2025-01-02,Sauce,275
B0864,Spinach,2025-05-08,2025-07-01,963,885,2025-05-28,Dehydrated Mix,265
B0865,Spinach,2025-02-27,2025-03-28,356,289,2025-03-25,Snack Mix,296
B0866,Spinach,2025-07-02,2025-07-21,751,339,2025-07-08,Pickle,325
B0867,Onion,2024-06-01,2024-08-26,397,192,2024-06-27,Snack Mix,45
B0868,Spinach,2025-09-12,2026-01-04,169,78,2025-09-17,Pickle,334
B0869,Spinach,2024-10-05,2025-02-02,948,243,2024-10-07,Dehydrated Mix,284
B0870,Spinach,2024-11-05,2025-01-14,229,28,2024-11-21,Pickle,184
B0871,Onion,2024-07-25,2024-09-01,75,61,2024-08-08,Sauce,289
B0872,Onion,2024-12-14,2025-05-01,367,167,2025-01-06,Pickle,298
B0873,Potato,2025-06-12,2025-07-30,520,396,2025-06-18,Pickle,48
B0874,Spinach,2024-11-14,2024-12-10,942,89,2024-12-05,Dehydrated Mix,334
B0875,Cabbage,2024-02-17,2024-03-29,73,73,2024-03-04,Sauce,189
B0876,Spinach,2024-11-24,2025-01-29,333,272,2024-11-30,Dehydrated Mix,176
B0877,Potato,2025-11-18,2026-01-02,211,70,2025-11-26,Pickle,106
B0878,Spinach,2025-09-29,2026-03-06,261,179,2025-10-15,Chutney,82
B0879,Cabbage,2024-05-24,2024-08-19,225,18,2024-06-11,Snack Mix,155
B0880,Ginger,2024-12-12,2025-05-14,183,7,2024-12-26,Pickle,55
B0881,Onion,2024-04-18,2024-08-09,486,200,2024-04-19,Snack Mix,74
B0882,Cabbage,2025-08-29,2026-02-21,681,364,2025-09-24,Chutney,258
B0883,Potato,2024-07-21,2024-12-19,631,134,2024-07-23,Dehydrated Mix,268
B0884,Ginger,2024-04-09,2024-08-18,777,476,2024-04-18,Sauce,359
B0885,Chili,2024-08-17,2024-10-07,314,186,2024-09-13,Sauce,345
B0886,Tomato,2025-12-17,2026-03-26,514,499,2026-01-11,Pickle,196
B0887,Cabbage,2025-05-01,2025-06-13,522,174,2025-05-12,Chutney,275
B0888,Potato,2025-09-10,2026-02-19,155,103,2025-09-14,Chutney,290
B0889,Chili,2025-07-23,2025-08-25,595,472,2025-08-17,Snack Mix,184
B0890,Ginger,2025-02-27,2025-05-14,611,162,2025-03-18,Dehydrated Mix,154
B0891,Chili,2024-03-08,2024-06-18,491,401,2024-03-14,Snack Mix,332
B0892,Potato,2024-12-16,2025-05-19,227,169,2025-01-07,Snack Mix,150
B0893,Potato,2025-05-13,2025-06-26,524,333,2025-05-31,Dehydrated Mix,335
B0894,Potato,2024-06-29,2024-09-30,121,76,2024-07-29,Snack Mix,237
B0895,Potato,2025-01-23,2025-05-01,726,62,2025-02-07,Sauce,360
B0896,Onion,2024-05-22,2024-11-01,879,0,2024-06-19,Sauce,355
B0897,Ginger,2025-04-08,2025-09-06,680,591,2025-04-17,Sauce,229
B0898,Cabbage,2024-07-29,2024-11-02,863,695,2024-08-07,Dehydrated Mix,321
B0899,Chili,2024-12-18,2025-01-24,676,522,2025-01-05,Sauce,34
B0900,Spinach,2024-10-28,2024-11-27,104,0,2024-11-08,Pickle,311
B0901,Chili,2024-10-15,2024-11-06,769,604,2024-10-22,Chutney,251
B0902,Carrot,2025-12-29,2026-04-20,495,279,2026-01-10,Sauce,225
B0903,Spinach,2025-05-01,2025-06-20,443,431,2025-05-07,Dehydrated Mix,314
B0904,Potato,2024-06-06,2024-09-02,187,2,2024-07-03,Pickle,94
B0905,Onion,2024-05-27,2024-10-13,189,21,2024-06-17,Dehydrated Mix,253
B0906,Ginger,2025-04-11,2025-09-27,688,184,2025-05-10,Snack Mix,247
B0907,Carrot,2025-03-10,2025-08-13,443,181,2025-04-05,Sauce,260
B0908,Cabbage,2025-03-10,2025-08-26,560,242,2025-03-10,Dehydrated Mix,325
B0909,Ginger,2025-07-13,2025-12-22,88,72,2025-07-24,Chutney,47
B0910,Cabbage,2024-04-25,2024-10-05,195,186,2024-05-10,Dehydrated Mix,70
B0911,Ginger,2025-06-13,2025-07-18,140,62,2025-06-29,Pickle,342
B0912,Tomato,2025-12-01,2026-05-27,369,313,2025-12-18,Chutney,326
B0913,Spinach,2025-07-01,2025-07-18,574,480,2025-07-16,Dehydrated Mix,262
B0914,Cabbage,2024-12-27,2025-03-27,86,76,2025-01-05,Snack Mix,115
B0915,Tomato,2024-09-23,2024-10-23,642,173,2024-10-13,Chutney,272
B0916,Potato,2025-10-01,2025-10-22,134,32,2025-10-10,Chutney,278
B0917,Tomato,2024-09-15,2024-11-02,331,131,2024-10-04,Pickle,173
B0918,Ginger,2025-09-10,2025-11-08,806,154,2025-10-09,Chutney,332
B0919,Tomato,2024-06-28,2024-09-17,546,185,2024-07-23,Chutney,150
B0920,Chili,2024-03-27,2024-05-18,907,507,2024-04-15,Dehydrated Mix,108
B0921,Spinach,2024-08-31,2025-01-05,221,53,2024-09-23,Pickle,356
B0922,Ginger,2025-10-19,2026-01-09,103,21,2025-11-12,Dehydrated Mix,89
B0923,Chili,2025-05-02,2025-08-02,289,194,2025-05-17,Dehydrated Mix,302
B0924,Ginger,2024-09-25,2024-11-16,62,18,2024-10-11,Dehydrated Mix,252
B0925,Potato,2025-11-25,2026-02-28,749,42,2025-12-25,Snack Mix,301
B0926,Cabbage,2025-10-14,2026-01-27,675,667,2025-11-13,Chutney,251
B0927,Chili,2024-10-03,2024-12-25,311,299,2024-10-28,Dehydrated Mix,80
B0928,Spinach,2025-11-22,2026-02-06,838,199,2025-12-15,Sauce,331
B0929,Tomato,2024-11-16,2025-04-20,901,69,2024-11-16,Dehydrated Mix,34
B0930,Cabbage,2024-04-10,2024-09-06,409,112,2024-04-13,Chutney,258
B0931,Carrot,2024-07-16,2024-08-08,144,14,2024-07-16,Snack Mix,347
B0932,Chili,2025-10-15,2025-11-30,138,33,2025-11-06,Snack Mix,91
B0933,Ginger,2024-07-08,2024-08-20,309,150,2024-07-30,Pickle,124
B0934,Spinach,2025-10-16,2026-02-24,837,437,2025-11-14,Chutney,171
B0935,Spinach,2024-06-14,2024-07-17,441,198,2024-06-22,Pickle,61
B0936,Carrot,2024-09-21,2024-12-12,121,62,2024-09-26,Snack Mix,255
B0937,Chili,2025-02-06,2025-04-07,161,36,2025-02-26,Sauce,281
B0938,Potato,2025-09-20,2026-03-18,782,265,2025-09-23,Pickle,256
B0939,Tomato,2024-03-15,2024-04-17,845,456,2024-04-02,Dehydrated Mix,158
B0940,Cabbage,2024-06-01,2024-11-26,730,399,2024-06-01,Sauce,49
B0941,Ginger,2025-12-17,2026-03-26,638,3,2026-01-14,Dehydrated Mix,230
B0942,Tomato,2025-03-22,2025-07-18,603,231,2025-04-18,Dehydrated Mix,65
B0943,Spinach,2025-12-06,2026-04-23,598,367,2025-12-09,Chutney,320
B0944,Spinach,2025-02-14,2025-03-15,142,93,2025-03-06,Pickle,361
B0945,Tomato,2025-04-15,2025-07-13,230,141,2025-05-05,Dehydrated Mix,133
B0946,Spinach,2025-11-07,2026-01-09,967,109,2025-11-16,Dehydrated Mix,229
B0947,Carrot,2024-03-27,2024-09-19,193,9,2024-04-10,Pickle,127
B0948,Cabbage,2025-08-30,2025-11-14,114,101,2025-09-14,Dehydrated Mix,229
B0949,Tomato,2025-06-30,2025-11-07,87,43,2025-07-30,Chutney,38
B0950,Ginger,2024-02-13,2024-06-10,876,669,2024-02-16,Snack Mix,138
B0951,Ginger,2024-06-01,2024-11-11,87,18,2024-06-08,Pickle,66
B0952,Onion,2025-04-27,2025-10-17,768,664,2025-04-28,Pickle,154
B0953,Potato,2024-06-25,2024-12-18,890,812,2024-06-26,Dehydrated Mix,187
B0954,Potato,2025-09-17,2025-11-14,115,104,2025-10-13,Pickle,332
B0955,Carrot,2025-05-24,2025-11-07,275,32,2025-06-18,Dehydrated Mix,345
B0956,Onion,2024-12-11,2025-04-07,750,589,2024-12-21,Chutney,91
B0957,Potato,2024-08-06,2024-09-01,393,32,2024-08-24,Chutney,118
B0958,Ginger,2024-05-24,2024-09-22,616,168,2024-05-29,Sauce,219
B0959,Chili,2025-08-18,2025-09-12,860,647,2025-08-22,Sauce,81
B0960,Potato,2024-01-17,2024-06-04,57,11,2024-01-19,Snack Mix,33
B0961,Carrot,2024-10-17,2025-02-15,758,129,2024-11-08,Sauce,273
B0962,Onion,2025-10-17,2026-01-09,471,122,2025-11-02,Snack Mix,260
B0963,Potato,2025-12-09,2026-01-02,784,511,2025-12-28,Chutney,122
B0964,Potato,2024-12-22,2025-04-23,291,98,2024-12-22,Snack Mix,315
B0965,Ginger,2024-04-07,2024-09-27,569,224,2024-04-18,Sauce,306
B0966,Ginger,2024-10-10,2024-11-07,865,152,2024-10-16,Dehydrated Mix,87
B0967,Spinach,2024-06-29,2024-08-23,105,82,2024-07-20,Chutney,52
B0968,Tomato,2024-08-02,2024-12-06,681,464,2024-08-10,Pickle,201
B0969,Ginger,2024-02-23,2024-07-24,854,29,2024-02-28,Snack Mix,110
B0970,Spinach,2024-04-28,2024-05-31,788,455,2024-05-26,Dehydrated Mix,150
B0971,Potato,2024-07-22,2024-10-28,383,116,2024-07-29,Sauce,86
B0972,Ginger,2025-02-26,2025-05-03,125,60,2025-03-10,Pickle,142
B0973,Chili,2025-03-22,2025-05-13,515,182,2025-03-28,Chutney,342
B0974,Cabbage,2024-05-19,2024-09-28,697,367,2024-06-11,Sauce,129
B0975,Onion,2024-12-09,2025-01-25,111,35,2024-12-10,Pickle,321
B0976,Carrot,2025-04-21,2025-08-31,828,351,2025-05-04,Chutney,117
B0977,Carrot,2025-09-10,2025-11-04,676,174,2025-10-05,Pickle,356
B0978,Ginger,2025-02-25,2025-07-23,655,484,2025-03-12,Chutney,140
B0979,Chili,2024-01-15,2024-05-18,303,167,2024-02-07,Snack Mix,156
B0980,Tomato,2024-08-15,2025-01-28,985,587,2024-09-14,Dehydrated Mix,106
B0981,Chili,2024-02-15,2024-03-11,84,54,2024-03-01,Dehydrated Mix,288
B0982,Tomato,2025-12-14,2026-01-23,296,42,2025-12-28,Dehydrated Mix,283
B0983,Tomato,2024-08-11,2024-09-28,294,46,2024-08-22,Dehydrated Mix,181
B0984,Tomato,2025-11-16,2026-02-17,928,584,2025-11-21,Dehydrated Mix,265
B0985,Spinach,2025-04-19,2025-06-08,239,202,2025-05-16,Dehydrated Mix,237
B0986,Spinach,2025-12-21,2026-06-16,122,49,2025-12-21,Snack Mix,351
B0987,Carrot,2024-02-03,2024-05-03,764,627,2024-02-16,Pickle,168
B0988,Tomato,2025-09-27,2026-01-05,577,372,2025-10-20,Pickle,58
B0989,Spinach,2025-01-27,2025-05-15,91,46,2025-02-10,Sauce,346
B0990,Onion,2025-10-25,2026-04-01,624,209,2025-11-16,Chutney,64
B0991,Carrot,2024-09-01,2025-02-01,539,214,2024-09-04,Chutney,362
B0992,Potato,2024-12-27,2025-03-20,333,27,2025-01-12,Chutney,246
B0993,Ginger,2024-12-19,2025-04-28,589,125,2025-01-03,Snack Mix,286
B0994,Potato,2025-11-25,2026-04-25,512,376,2025-12-23,Sauce,179
B0995,Cabbage,2025-04-13,2025-05-20,969,183,2025-04-15,Pickle,230
B0996,Ginger,2024-04-21,2024-06-17,763,151,2024-04-29,Sauce,87
B0997,Chili,2024-07-28,2024-12-23,73,37,2024-08-27,Snack Mix,351
B0998,Tomato,2024-05-15,2024-09-28,504,377,2024-05-26,Chutney,245
B0999,Spinach,2024-07-12,2024-08-12,904,532,2024-07-12,Dehydrated Mix,148
B1000,Ginger,2025-08-15,2025-11-25,855,334,2025-09-04,Snack Mix,360
